172.17.32.1;;up;;MTALHASTAR;40:5B:D8:CD:49:17;
172.17.32.2;;up;;;74:8A:28:06:2C:9A;
172.17.32.3;;up;2022/12/07 16:25:11;;2A:8E:09:7F:E6:40;
172.17.32.12;;up;;;FE:76:3C:A8:C3:0A;
172.17.32.22;;up;;;48:89:E7:98:0B:5C;
172.17.32.25;;up;;;34:B2:0A:83:31:D5;
172.17.32.26;;up;;;08:C5:E1:36:9C:99;
172.17.32.28;;up;;;24:EE:9A:F0:72:EC;
172.17.32.30;;up;;;22:9B:DB:44:04:0C;
172.17.32.36;;up;;;12:24:D6:8C:BC:01;
172.17.32.37;;up;;;76:4E:99:B8:E0:3B;
172.17.32.38;;up;;;4E:E8:F8:CB:15:B2;
172.17.32.46;;up;;DESKTOP-UEEDQPG;8C:C8:4B:03:69:D5;
172.17.32.47;;up;;;8A:EE:5A:26:CB:26;
172.17.32.51;;up;;;B4:D5:BD:A4:DA:FD;Intel
172.17.32.56;;up;;;DC:FB:48:A2:69:44;
172.17.32.57;;up;;;B2:A9:6C:1F:DC:BD;
172.17.32.58;;up;;;08:7F:98:15:92:E1;
172.17.32.59;;up;;;EA:5F:67:B2:52:27;
172.17.32.60;;up;;;D0:53:49:B9:79:41;Liteon Technology
172.17.32.61;;up;;;D2:D2:44:3F:3A:F1;
172.17.32.62;;up;;;B2:AC:50:BC:7A:D0;
172.17.32.63;;up;;;0E:30:97:0A:CA:38;
172.17.32.72;;up;;;AC:BC:32:BD:5E:F5;Apple
172.17.32.75;;up;;;9C:5A:81:D2:F8:0E;
172.17.32.76;;up;;;22:B1:40:E9:C3:D5;
172.17.32.80;;up;;;C8:3D:DC:92:C4:FC;
172.17.32.82;;up;;;E8:6F:38:A0:5D:B3;
172.17.32.83;;up;;;92:6E:F2:CD:C9:55;
172.17.32.85;;up;;;9E:71:1D:DB:67:45;
172.17.32.87;;up;;;40:A3:CC:D8:88:D0;
172.17.32.91;;up;;;18:5E:0F:5B:6B:ED;Intel
172.17.32.92;;up;;;82:6A:55:02:28:00;
172.17.32.96;;up;;;DE:2C:C3:8D:8C:1B;
172.17.32.99;;up;;;2E:61:6A:26:59:C5;
172.17.32.101;;up;;;04:10:6B:47:30:F8;
172.17.32.102;;up;;;0A:87:52:53:01:F9;
172.17.32.107;;up;;;32:75:CD:BA:B5:BB;
172.17.32.108;;up;;;FA:0D:88:AB:38:7D;
172.17.32.109;;up;;;92:59:B9:8D:8B:29;
172.17.32.113;;up;;;6C:B7:49:64:12:DB;
172.17.32.114;;up;;;D2:9B:AF:E5:42:EA;
172.17.32.122;;up;;NUE;98:AF:65:B3:19:D3;
172.17.32.124;;up;;;EE:2C:48:27:E1:89;
172.17.32.129;;up;;DESKTOP-ETMVIB3;4C:EB:BD:8F:3B:C5;
172.17.32.130;;up;;MUNIB-LAPTOP-GA;7C:67:A2:5B:76:EC;
172.17.32.131;;up;;;58:00:E3:E9:06:2B;Liteon Technology
172.17.32.136;;up;;;0A:7A:57:C3:8D:53;
172.17.32.137;;up;;;C6:3F:01:65:CF:43;
172.17.32.138;;up;;;A6:BE:55:04:27:04;
172.17.32.139;;up;;;30:07:4D:81:B3:DC;
172.17.32.140;;up;;;6A:5D:0B:B9:0E:DA;
172.17.32.141;;up;;;72:D5:00:C9:C3:2B;
172.17.32.148;;up;;DESKTOP-7IU2723;5C:C5:D4:F0:77:3D;Intel
172.17.32.151;;up;;;9A:85:4A:C2:EB:87;
172.17.32.153;;up;;;4A:C1:67:A0:87:66;
172.17.32.157;;up;;;30:07:4D:AE:0A:D0;
172.17.32.159;;up;;;30:6A:85:35:19:12;
172.17.32.160;;up;;;12:B0:57:EC:B6:8F;
172.17.32.163;;up;;;E8:C2:DD:18:7A:E9;
172.17.32.165;;up;;;76:2F:5A:A0:D7:0D;
172.17.32.168;;up;;;A4:CF:99:4D:52:53;
172.17.32.169;;up;;DESKTOP-LR3F90V;9C:30:5B:86:3D:1F;
172.17.32.172;;up;;;D0:B1:28:97:27:1F;
172.17.32.173;;up;;;04:79:70:F5:FC:78;
172.17.32.174;;up;;;86:0D:BA:DF:B1:CF;
172.17.32.175;;up;;;AA:7C:10:E2:8F:F1;
172.17.32.177;;up;;AAYAN;64:80:99:D8:97:EE;Intel
172.17.32.180;;up;;;9A:8F:98:9B:6F:10;
172.17.32.181;;up;;;94:65:2D:28:16:DB;OnePlus Technology (Shenzhen)
172.17.32.183;;up;;;B4:6B:FC:C4:CA:3E;
172.17.32.184;;up;;;AE:DC:36:8A:44:62;
172.17.32.187;;up;;;AC:1E:9E:51:4D:7C;
172.17.32.188;;up;;;AA:AE:5B:E4:44:23;
172.17.32.189;;up;;;4E:15:5E:DA:22:FB;
172.17.32.192;;up;;ABIFAST;14:13:33:C5:1C:23;
172.17.32.196;;up;;;2C:D0:66:53:4D:4B;
172.17.32.199;;up;;;3E:AC:E8:7B:E4:C4;
172.17.32.200;;up;;;AA:3C:94:65:0A:BA;
172.17.32.202;;up;;;26:D9:1D:81:12:B2;
172.17.32.207;;up;;LAPTOP-ED8BRAVU;F4:B3:01:8C:1B:99;
172.17.32.208;;up;;;44:03:2C:B7:21:AE;
172.17.32.209;;up;;;F0:67:28:8F:B6:17;
172.17.32.210;;up;;;DA:1F:1F:CB:0E:31;
172.17.32.211;;up;;HP-KVIRUS;DC:A2:66:65:F3:49;
172.17.32.212;;up;;;52:0E:24:7F:F8:F9;
172.17.32.213;;up;;;0A:5B:73:CE:45:AE;
172.17.32.214;;up;;;68:94:23:89:2D:F5;Hon Hai Precision
172.17.32.215;;up;;;4E:1D:55:4E:28:4B;
172.17.32.216;;up;;DESKTOP-7LK5BLQ;D8:0F:99:7A:18:8B;Hon Hai Precision
172.17.32.218;;up;;;1A:46:57:30:FD:12;
172.17.32.219;;up;;;DE:0D:74:7D:8C:C0;
172.17.32.220;;up;;;A2:F2:B3:02:2F:7C;
172.17.32.221;;up;;;90:0F:0C:20:23:9F;
172.17.32.223;;up;;;36:56:9F:70:B6:71;
172.17.32.225;;up;;DESKTOP-996SSLP;1C:BF:C0:E3:FC:05;
172.17.32.227;;up;;;AC:E3:42:68:17:B0;
172.17.32.228;;up;;;5E:31:9C:78:74:1B;
172.17.32.231;;up;;;AE:F3:D1:45:61:3D;
172.17.32.232;;up;;;5C:51:4F:C8:4D:F8;Intel
172.17.32.233;;up;;;8C:D9:D6:48:49:77;
172.17.32.240;;up;;;BA:AE:6F:43:79:85;
172.17.32.241;;up;;;6A:FA:CF:0D:F9:7E;
172.17.32.243;;up;;DESKTOP-0SKCORM;28:56:5A:94:99:4B;Hon Hai Precision
172.17.32.244;;up;;;BE:37:DD:AF:B6:EC;
172.17.32.245;;up;;;46:1E:72:C9:55:2F;
172.17.32.246;;up;;;4A:17:31:4F:10:FB;
172.17.32.248;;up;;;14:13:33:29:28:07;
172.17.32.250;;up;;;96:9D:9F:BE:E1:E7;
172.17.32.252;;up;;;46:F5:4D:45:74:83;
172.17.32.254;;up;;;EA:CD:47:39:09:4A;
172.17.32.255;;up;;;94:E9:79:C0:09:BF;Liteon Technology
172.17.33.0;;up;;;B0:3C:DC:90:7F:59;
172.17.33.1;;up;;;90:94:97:EC:F0:93;
172.17.33.2;;up;;;3E:47:46:B9:58:7E;
172.17.33.3;;up;;;2A:90:62:75:CC:F9;
172.17.33.5;;up;;;50:3C:EA:3E:CC:A4;
172.17.33.6;;up;;;1C:1B:B5:EF:FC:1D;
172.17.33.8;;up;;DESKTOP-TKSLAMS;34:F6:4B:30:AC:3C;
172.17.33.9;;up;;;F8:94:C2:DA:2F:96;
172.17.33.12;;up;;UMERS-MBP;24:A0:74:F0:58:22;Apple
172.17.33.15;;up;;;F6:AF:0E:1E:EC:74;
172.17.33.17;;up;;;46:95:00:93:70:EF;
172.17.33.18;;up;;;62:18:11:40:79:6F;
172.17.33.19;;up;;;86:A4:F8:82:31:A6;
172.17.33.21;;up;;;5A:75:6A:B4:71:E2;
172.17.33.22;;up;;;26:9A:B4:2D:E0:5C;
172.17.33.23;;up;;;EE:BA:68:14:7C:BF;
172.17.33.24;;up;;DESKTOP-OKSF2NB;44:85:00:12:84:0A;Intel
172.17.33.28;;up;;;7C:2A:31:9C:A8:4C;
172.17.33.29;;up;;;22:5C:2E:F4:94:4D;
172.17.33.31;;up;;;8E:26:3F:53:01:37;
172.17.33.32;;up;;;BE:E6:AD:96:8F:7A;
172.17.33.33;;up;;;30:E3:7A:72:10:91;Intel
172.17.33.37;;up;;;A8:93:4A:E9:24:07;
172.17.33.47;;up;;;46:81:51:DB:BC:B2;
172.17.33.53;;up;;;CA:DE:20:37:C9:D1;
172.17.33.56;;up;;;72:3F:6B:01:F7:CB;
172.17.33.70;;up;;;48:51:C5:69:FD:9D;
172.17.33.72;;up;;;A4:45:19:1B:29:95;
172.17.33.74;;up;;;26:BD:0C:65:21:0D;
172.17.33.83;;up;;;B0:52:16:98:F3:C7;Hon Hai Precision
172.17.33.98;;up;;;D8:C0:A6:25:A6:CD;
172.17.33.101;;up;;;34:F6:4B:A5:08:BB;
172.17.33.106;;up;;;48:51:B7:29:B1:B6;Intel
172.17.33.109;;up;;;44:03:2C:E6:7C:AB;
172.17.33.111;;up;;;E4:B3:18:DE:38:7F;Intel
172.17.33.112;;up;;;74:E5:F9:ED:41:FD;
172.17.33.117;;up;;DESKTOP-2VIFSCT;F4:B3:01:48:00:BC;
172.17.33.118;;up;;;E6:2B:80:FA:09:8B;
172.17.33.119;;up;;;98:F6:21:81:B4:A4;
172.17.33.121;;up;;;AC:07:5F:54:6A:CD;
172.17.33.122;;up;;;7C:FD:6B:3A:90:87;
172.17.33.123;;up;;;CC:6B:1E:33:C3:33;
172.17.33.134;;up;;;54:35:30:0E:39:F7;Hon Hai Precision
172.17.33.139;;up;;;B0:A4:60:F2:C0:B0;
172.17.33.140;;up;;;DC:44:B6:EB:2E:1F;
172.17.33.167;;up;;;D4:DC:CD:91:7C:7A;
172.17.33.173;;up;;;A4:C3:F0:EB:2A:85;
172.17.33.178;;up;;;18:5E:0F:0D:95:53;Intel
172.17.33.179;;up;;KK1-3;2C:8D:B1:27:A0:E2;
172.17.33.180;;up;;;B8:8A:60:8A:D1:DF;Intel
172.17.33.181;;up;;;44:85:00:FB:6B:20;Intel
172.17.33.185;;up;;;BA:5B:1C:F4:55:42;
172.17.33.204;;up;;;88:46:04:F4:D4:94;
172.17.33.207;;up;;Shaheer;F0:57:A6:E9:06:47;
172.17.33.209;;up;;;28:16:AD:B2:9B:11;Intel
172.17.33.228;;up;;;52:F7:6E:48:18:4C;
172.17.33.232;;up;;;98:2C:BC:AF:D6:F6;
172.17.33.235;;up;;;CE:69:BA:05:0D:BF;
172.17.33.241;;up;;;FE:65:1F:9A:CB:AE;
172.17.33.243;;up;;;50:8E:49:D6:12:86;
172.17.33.247;;up;;;9C:DA:3E:9E:2F:2D;
172.17.33.248;;up;;DESKTOP-G0MSTA8;AC:82:47:B0:F2:93;
172.17.33.249;;up;;;28:E3:47:C4:75:9E;Liteon Technology
172.17.34.15;;up;;;D6:D9:D3:88:04:50;
172.17.34.20;;up;;;F4:BF:80:FB:53:85;
172.17.34.26;;up;;;34:41:5D:93:46:30;
172.17.34.27;;up;;;F8:34:41:B3:6C:A8;
172.17.34.43;;up;;;5E:C8:85:47:54:29;
172.17.34.45;;up;;;A4:34:D9:8F:32:DE;Intel
172.17.34.47;;up;;;52:31:BA:3F:02:8E;
172.17.34.48;;up;;;5C:03:39:BB:4C:70;
172.17.34.50;;up;;AMNAS-IMAC;18:81:0E:E2:C9:00;
172.17.34.53;;up;;;C4:E1:A1:3D:E9:3F;
172.17.34.57;;up;;;8A:A8:CB:08:76:96;
172.17.34.59;;up;;;34:CF:F6:62:5D:B8;
172.17.34.63;;up;;;E4:A4:71:4B:51:7C;Intel
172.17.34.70;;up;;;BC:61:93:80:16:06;
172.17.34.73;;up;;;82:D3:80:7D:59:98;
172.17.34.87;;up;;;E2:DA:5C:D9:B5:59;
172.17.34.103;;up;;;2A:2C:B4:32:DE:19;
172.17.34.104;;up;;;CC:79:CF:0F:2B:FD;Shenzhen Rf-Link Technology
172.17.34.105;;up;;DESKTOP-TDLQI6S;E4:B3:18:42:5C:25;Intel
172.17.34.130;;up;;DESKTOP-MLM1A1T;14:AB:C5:FB:1C:42;Intel
172.17.34.133;;up;;DESKTOP-DKBEELC;34:02:86:69:D7:50;Intel
172.17.34.140;;up;;;48:51:C5:57:A4:40;
172.17.34.146;;up;;;0C:C6:FD:92:06:D3;
172.17.34.185;;up;;;30:A1:FA:63:60:23;
172.17.34.187;;up;;;90:32:4B:42:9F:19;
172.17.34.198;;up;;DESKTOP-5JSBMSO;D0:53:49:B8:8D:FF;Liteon Technology
172.17.34.209;;up;;;0A:03:32:A8:86:EA;
172.17.34.215;;up;;;18:3E:EF:D4:FF:C1;
172.17.34.241;;up;;;00:28:F8:E6:3F:1B;Intel
172.17.34.244;;up;;;B6:88:50:5D:FD:5E;
172.17.34.251;;up;;;96:87:B4:3E:A9:44;
172.17.34.252;;up;;;FC:19:99:CD:88:21;
172.17.35.6;;up;;;72:96:40:DB:4D:C2;
172.17.35.7;;up;;;58:FB:84:46:AD:34;Intel
172.17.35.18;;up;;;54:6C:EB:B6:A5:BC;
172.17.35.19;;up;;;3A:48:79:27:13:82;
172.17.35.35;;up;;;A2:99:18:0B:DE:CA;
172.17.35.41;;up;;;6C:94:66:37:91:55;
172.17.35.45;;up;;;74:D2:1D:37:21:77;
172.17.35.50;;up;;;48:51:B7:71:3D:01;Intel
172.17.35.75;;up;;DCNET-04;2C:8D:B1:27:A0:9C;
172.17.35.79;;up;;;04:D6:AA:8D:66:55;
172.17.35.92;;up;;DESKTOP-DS8QGFV;58:40:4E:E1:46:74;Apple
172.17.35.94;;up;;;E8:F4:08:83:4D:D9;
172.17.35.95;;up;;;40:A3:CC:4D:73:62;
172.17.35.96;;up;;DCNET-03;2C:8D:B1:27:9F:C5;
172.17.35.111;;up;;;E0:D4:64:50:5D:B6;
172.17.35.118;;up;;;46:5F:A1:E5:B1:78;
172.17.35.119;;up;;DCNET-14;2C:8D:B1:33:48:CA;
172.17.35.120;;up;;;3E:78:45:4B:89:82;
172.17.35.129;;up;;DESKTOP-2T0C8MV;E4:A4:71:40:A4:BB;Intel
172.17.35.133;;up;;;56:CB:29:60:AA:CD;
172.17.35.141;;up;;;FC:B3:BC:89:01:25;
172.17.35.142;;up;;;36:16:D5:81:AB:D0;
172.17.35.146;;up;;;02:E4:C1:91:1F:10;
172.17.35.154;;up;;;24:6F:8C:7F:BB:A6;
172.17.35.164;;up;;;34:15:9E:90:7F:8F;Apple
172.17.35.168;;up;;;F0:0F:EC:09:CF:C8;
172.17.35.170;;up;;;EA:FA:99:1A:16:10;
172.17.35.175;;up;;;A2:75:92:93:AB:89;
172.17.35.176;;up;;DCnet-05;2C:8D:B1:27:A6:9B;
172.17.35.179;;up;;;4C:EB:BD:7C:5D:21;
172.17.35.182;;up;;LAPTOP-LGIQ4CKK;14:13:33:8B:70:E5;
172.17.35.183;;up;;;22:48:AA:FF:D7:20;
172.17.35.186;;up;;DESKTOP-VQQSBAR;F8:59:71:C2:9A:34;
172.17.35.197;;up;;;E2:CE:CD:72:24:46;
172.17.35.211;;up;;;E4:A7:A0:98:15:B1;Intel
172.17.35.219;;up;;;CC:D9:AC:DB:C6:0D;
172.17.35.236;;up;;;EA:E0:32:BB:C7:D1;
172.17.35.241;;up;;;C6:11:B2:C2:32:36;
172.17.36.6;;up;;;20:F4:78:66:02:4A;
172.17.36.7;;up;;;B4:D5:BD:BD:9C:6E;Intel
172.17.36.16;;up;;POt2-15;44:03:2C:B6:BB:4C;
172.17.36.17;;up;;;64:80:99:E4:BD:EE;Intel
172.17.36.23;;up;;;F4:09:D8:FD:BD:DE;Samsung
172.17.36.27;;up;;;2C:8D:B1:AD:D5:0E;
172.17.36.47;;up;;;16:8A:0C:C7:34:9D;
172.17.36.48;;up;;;F8:4D:89:82:0E:A4;
172.17.36.49;;up;;;98:F6:21:F6:BF:03;
172.17.36.63;;up;;;F4:71:90:4B:02:64;
172.17.36.83;;up;;;78:2B:46:C4:16:89;
172.17.36.87;;up;;LAPTOP-5PC00MB9;3C:9C:0F:80:D4:5A;
172.17.36.88;;up;;;D4:6A:6A:CE:7A:65;Hon Hai Precision
172.17.36.94;;up;;;B8:94:36:AD:2B:09;
172.17.36.103;;up;;DESKTOP-GULKN16;F8:2F:A8:DE:B5:CF;Hon Hai Precision
172.17.36.104;;up;;;F2:47:D2:47:8A:D2;
172.17.36.110;;up;;;28:11:A8:7A:A5:3F;
172.17.36.115;;up;;;6C:94:66:C7:57:C7;
172.17.36.118;;up;;;10:08:B1:3A:54:89;Hon Hai Precision
172.17.36.122;;up;;;80:C5:F2:08:5F:BD;
172.17.36.151;;up;;;76:59:E3:B6:B7:A4;
172.17.36.152;;up;;DESKTOP-J6L5ONP;98:3B:8F:94:07:9B;
172.17.36.161;;up;;;34:6F:24:E7:29:B3;
172.17.36.162;;up;;;F6:66:CC:68:D6:3B;
172.17.36.171;;up;;;52:1E:57:CA:F8:12;
172.17.36.178;;up;;;EE:9F:E0:39:31:30;
172.17.36.179;;up;;DCNET-19;2C:8D:B1:AD:CF:23;
172.17.36.192;;up;;;CA:9C:EA:11:05:43;
172.17.36.193;;up;;POT2-11;9C:DA:3E:9A:CE:23;
172.17.36.198;;up;;;1E:E3:24:0A:81:F5;
172.17.36.203;;up;;MACBOOKAIR-B039;D4:57:63:C7:B0:39;
172.17.36.205;;up;;;64:DD:E9:58:83:7B;
172.17.36.215;;up;;;02:15:76:03:C3:7E;
172.17.36.223;;up;;;58:7F:57:1A:0D:1A;Apple
172.17.36.225;;up;;;42:0A:81:2E:7A:6D;
172.17.36.239;;up;;;CE:0B:C5:52:EF:5D;
172.17.36.240;;up;;;3C:06:30:54:2C:38;
172.17.36.246;;up;;;18:5E:0F:2D:B1:8F;Intel
172.17.37.11;;up;;;64:6E:E0:D8:95:2D;
172.17.37.12;;up;;;5A:2B:1D:9B:75:2D;
172.17.37.15;;up;;;FA:E8:CC:62:F7:E4;
172.17.37.24;;up;;DESKTOP-0JV1EDP;B8:EE:65:7D:F9:F1;Liteon Technology
172.17.37.31;;up;;;7C:2A:31:0A:5F:96;
172.17.37.35;;up;;;06:EF:D9:85:47:CA;
172.17.37.36;;up;;;16:45:C1:F2:93:39;
172.17.37.42;;up;;;1C:4D:70:61:D3:C0;
172.17.37.49;;up;;DESKTOP-RNIE8AN;18:47:3D:B9:05:19;
172.17.37.60;;up;;;42:F3:DB:D0:54:5A;
172.17.37.76;;up;;;D2:DA:83:9A:4B:07;
172.17.37.77;;up;;;7C:2E:DD:85:A0:08;
172.17.37.84;;up;;;A2:4E:45:99:38:06;
172.17.37.118;;up;;;90:0F:0C:1F:B4:57;
172.17.37.126;;up;;MEHREENISHTIAQ;5C:3A:45:34:C1:95;
172.17.37.127;;up;;;D8:C0:A6:5C:D2:65;
172.17.37.136;;up;;DESKTOP-Q5MGKVA;30:24:32:FA:43:17;
172.17.37.137;;up;;DESKTOP-HGF95FA;5C:BA:EF:BF:F8:51;
172.17.37.139;;up;;DESKTOP-IOKVR12;B4:6B:FC:E2:5E:3C;
172.17.37.146;;up;;;1C:1B:B5:02:F3:6E;
172.17.37.149;;up;;DESKTOP-2QRSOKO;98:22:EF:89:67:F5;
172.17.37.154;;up;;;92:8A:EA:3E:7B:15;
172.17.37.157;;up;;MACBOOKAIR-9ECF;D0:88:0C:6B:9E:CF;
172.17.37.180;;up;;THINKBOOK-15;C8:09:A8:CB:3C:BB;
172.17.37.183;;up;;;44:AE:AB:7C:74:CF;
172.17.37.186;;up;;;D8:3B:BF:29:95:46;
172.17.37.189;;up;;;20:DA:22:E6:EB:40;
172.17.37.190;;up;;;9E:70:0E:0B:75:53;
172.17.37.195;;up;;DESKTOP-P3TM2QE;7C:50:79:75:DC:C1;
172.17.37.199;;up;;;40:5B:D8:4F:58:41;
172.17.37.202;;up;;;DC:53:60:E2:B3:1E;Intel
172.17.37.203;;up;;;3E:A9:26:1A:F7:CD;
172.17.37.205;;up;;DESKTOP-7509TSM;88:78:73:79:F5:B3;
172.17.37.208;;up;;;5E:8C:46:27:07:2F;
172.17.37.212;;up;;;A6:2D:08:78:38:8B;
172.17.37.254;;up;;;F8:2F:A8:DC:75:AB;Hon Hai Precision
172.17.38.2;;up;;;DC:53:60:DF:C1:A4;Intel
172.17.38.14;;up;;;BE:83:4A:01:AB:D7;
172.17.38.37;;up;;;22:DB:4C:37:4B:05;
172.17.38.57;;up;;;4E:22:11:08:1A:A0;
172.17.38.61;;up;;;04:EA:56:CF:52:A1;
172.17.38.63;;up;;;A0:D3:7A:C4:3A:79;Intel
172.17.38.64;;up;;;28:7F:CF:9E:02:5A;
172.17.38.73;;up;;;F0:6C:5D:57:59:4A;
172.17.38.78;;up;;;34:F3:9A:96:37:C8;Intel
172.17.38.87;;up;;;64:A2:00:98:7E:B8;
172.17.38.96;;up;;;1C:4D:70:8E:48:3D;
172.17.38.100;;up;;;5E:44:AE:52:F0:82;
172.17.38.110;;up;;;AA:89:15:FB:25:F0;
172.17.38.111;;up;;;C2:72:D8:3C:83:26;
172.17.38.113;;up;;;AE:C4:21:C9:08:0B;
172.17.38.115;;up;;SOHAIB-SIPRA;60:E3:2B:DA:D3:24;
172.17.38.117;;up;;;2C:8D:B1:27:A6:82;
172.17.38.121;;up;;;4E:B8:B5:9B:F0:D1;
172.17.38.141;;up;;;FE:B1:5F:2F:B4:2B;
172.17.38.150;;up;;;0C:96:E6:A0:CD:17;
172.17.38.157;;up;;;42:64:D7:13:BB:28;
172.17.38.164;;up;;;F6:C0:AA:90:66:91;
172.17.38.165;;up;;;B2:74:AF:9B:3B:18;
172.17.38.166;;up;;;34:B2:0A:C2:E7:9D;
172.17.38.173;;up;;MACBOOKAIR-E3D3;70:56:81:A9:E3:D3;Apple
172.17.38.184;;up;;;4C:D5:77:AD:C2:37;
172.17.38.193;;up;;MACBOOKAIR-FD39;98:E0:D9:8E:FD:39;Apple
172.17.38.197;;up;;;F2:C6:85:B4:08:8B;
172.17.38.201;;up;;;C4:23:60:6C:AC:6E;
172.17.38.208;;up;;;A6:F8:BB:56:1F:82;
172.17.38.229;;up;;MACBOOKPRO-B0B1;B0:BE:83:6E:B0:B1;
172.17.38.236;;up;;;E6:33:D7:64:31:8F;
172.17.38.239;;up;;;D8:0F:99:73:C2:B3;Hon Hai Precision
172.17.38.241;;up;;;80:00:0B:C2:86:A7;Intel
172.17.38.247;;up;;DESKTOP-N44115Q;8C:55:4A:DC:03:25;
172.17.38.248;;up;;;A2:E0:91:E7:E0:72;
172.17.38.252;;up;;;4E:41:BB:25:65:F1;
172.17.38.254;;up;;;AE:74:1B:44:79:A5;
172.17.39.6;;up;;;C6:EE:0A:7F:72:60;
172.17.39.9;;up;;DCNET-20;2C:8D:B1:27:A6:50;
172.17.39.16;;up;;;F8:16:54:40:31:A2;Intel
172.17.39.18;;up;;LENOVO-T470;2A:8E:09:7F:E6:40;
172.17.39.19;;up;;;F8:E6:1A:5E:29:45;Samsung
172.17.39.29;;up;;;52:C1:9D:F0:4D:CA;
172.17.39.30;;up;;;2C:8D:B1:27:A6:55;
172.17.39.31;;up;;;16:3F:0B:DA:BE:EE;
172.17.39.34;;up;;;80:D6:05:29:9E:F4;Apple
172.17.39.36;;up;;;66:61:95:72:89:6C;
172.17.39.48;;up;;;8E:B3:E3:C4:F8:C9;
172.17.39.52;;up;;;74:DF:BF:A7:3D:71;Liteon Technology
172.17.39.54;;up;;;6C:88:14:82:DF:FC;Intel
172.17.39.56;;up;;;6E:AC:E3:4F:EB:D1;
172.17.39.64;;up;;;2A:FA:79:1B:75:81;
172.17.39.76;;up;;;CA:55:64:93:50:B8;
172.17.39.77;;up;;;B2:77:D0:4E:28:5E;
172.17.39.79;;up;;;BE:33:5B:4F:38:66;
172.17.39.85;;up;;DESKTOP-PK1UMRN;CC:3D:82:E0:9B:C9;Intel
172.17.39.87;;up;;;C0:B6:F9:5C:A7:7E;
172.17.39.98;;up;;;5C:FB:3A:CD:05:F7;
172.17.39.101;;up;;;64:BC:58:67:95:0D;
172.17.39.107;;up;;;04:D6:AA:D9:7B:14;
172.17.39.113;;up;;;0E:DD:25:1C:1D:B5;
172.17.39.114;;up;;DESKTOP-J5A3KR8;18:5E:0F:C3:74:A4;Intel
172.17.39.120;;up;;;F8:89:D2:A8:AE:67;
172.17.39.124;;up;;;2C:8D:B1:E4:BB:64;
172.17.39.129;;up;;;3C:FA:43:7C:1B:38;Huawei
172.17.39.135;;up;;;2C:8D:B1:27:A5:33;
172.17.39.137;;up;;;B4:6B:FC:21:4C:AB;
172.17.39.139;;up;;;E4:02:9B:F2:1F:8E;Intel
172.17.39.147;;up;;;D0:DF:9A:7B:AC:AB;Liteon Technology
172.17.39.152;;up;;;4E:82:2F:2F:6B:19;
172.17.39.157;;up;;;34:E1:2D:80:26:90;
172.17.39.172;;up;;;AC:B5:7D:5F:8B:13;Liteon Technology
172.17.39.175;;up;;;04:D6:AA:78:65:77;
172.17.39.179;;up;;;C6:85:46:62:AF:31;
172.17.39.182;;up;;;26:61:E9:50:21:70;
172.17.39.184;;up;;;00:E9:3A:0D:31:DB;
172.17.39.185;;up;;DESKTOP-54S7DGQ;6C:88:14:82:DF:FC;Intel
172.17.39.190;;up;;;FA:9D:CE:84:AA:7D;
172.17.39.204;;up;;;F4:8C:50:FD:EE:27;Intel
172.17.39.211;;up;;;28:16:AD:9C:2F:8E;Intel
172.17.39.219;;up;;;A6:08:E1:39:67:1D;
172.17.39.220;;up;;;A4:34:D9:D1:90:F2;Intel
172.17.39.234;;up;;;F8:B5:4D:98:BC:28;
172.17.39.251;;up;;;84:FD:D1:44:5A:0C;
172.17.39.252;;up;;;00:24:D6:F6:24:26;Intel
172.17.40.4;;up;;;B8:D7:AF:94:CD:80;
172.17.40.7;;up;;;AC:BD:70:42:F6:60;
172.17.40.12;;up;;;00:E9:3A:C6:34:B5;
172.17.40.15;;up;;;E4:42:A6:AE:4B:F6;
172.17.40.16;;up;;;16:AE:10:81:C4:92;
172.17.40.19;;up;;;A2:02:4D:2C:EC:3D;
172.17.40.23;;up;;;CA:31:2C:D6:3E:45;
172.17.40.28;;up;;;EC:51:BC:1F:34:37;
172.17.40.33;;up;;;B8:8A:60:F2:41:76;Intel
172.17.40.40;;up;;;2A:0A:BD:21:1A:5A;
172.17.40.41;;up;;;E6:FA:7D:18:C9:DF;
172.17.40.42;;up;;;0C:C6:FD:90:4E:75;
172.17.40.45;;up;;;74:C1:7D:AB:9C:8B;
172.17.40.46;;up;;;AA:C1:12:B8:E2:EB;
172.17.40.56;;up;;;2A:C9:EC:E2:82:A8;
172.17.40.61;;up;;;E6:42:E9:8D:CD:7E;
172.17.40.64;;up;;;BE:A1:E0:1D:97:5A;
172.17.40.65;;up;;;12:1D:EF:CE:57:72;
172.17.40.67;;up;;;06:37:CA:33:38:5B;
172.17.40.68;;up;;;5A:13:D1:9C:71:C7;
172.17.40.70;;up;;;4A:83:78:00:5E:A4;
172.17.40.76;;up;;;66:8D:D8:C2:5B:3D;
172.17.40.79;;up;;;92:42:C4:BC:64:19;
172.17.40.85;;up;;;48:A4:72:CF:3C:12;
172.17.40.89;;up;;;B4:A8:98:58:E4:53;
172.17.40.90;;up;;;FC:E9:98:BE:B6:98;Apple
172.17.40.94;;up;;;B2:E1:1A:A2:E5:19;
172.17.40.106;;up;;;2C:D0:66:AE:53:A2;
172.17.40.108;;up;;;BC:E2:65:62:6F:9F;
172.17.40.117;;up;;;E8:B1:FC:4A:A4:57;Intel
172.17.40.127;;up;;;0A:0F:B9:E9:D0:22;
172.17.40.128;;up;;;22:57:1E:68:BC:C9;
172.17.40.129;;up;;;70:5E:55:7F:6B:83;
172.17.40.132;;up;;;44:6E:E5:AF:14:FF;Huawei
172.17.40.145;;up;;;18:70:3B:66:83:53;
172.17.40.146;;up;;;B6:5C:97:A1:63:54;
172.17.40.150;;up;;;58:20:59:70:82:44;
172.17.40.157;;up;;;2E:EB:F4:12:77:FC;
172.17.40.163;;up;;;50:DA:D6:C4:96:6F;
172.17.40.166;;up;;;52:36:D8:E9:27:49;
172.17.40.167;;up;;;12:4E:77:E7:CD:4D;
172.17.40.175;;up;;;0E:55:06:1A:7F:C2;
172.17.40.176;;up;;;A2:C2:23:DE:8E:67;
172.17.40.179;;up;;;80:79:5D:52:74:4F;
172.17.40.183;;up;;;32:4A:95:52:E8:C8;
172.17.40.188;;up;;;44:03:2C:FC:A2:88;
172.17.40.191;;up;;;4C:66:41:C1:DD:50;Samsung
172.17.40.197;;up;;;4A:E3:27:FF:EA:4F;
172.17.40.202;;up;;;28:16:AD:9C:21:92;Intel
172.17.40.204;;up;;HASAN;E0:D4:E8:0F:DB:0B;
172.17.40.205;;up;;;FE:83:B2:D8:3F:85;
172.17.40.210;;up;;DESKTOP-PQOSCLF;10:02:B5:15:6C:38;Intel
172.17.40.212;;up;;;B6:54:65:98:6B:79;
172.17.40.216;;up;;;46:12:FF:57:CF:10;
172.17.40.225;;up;;;9C:BC:F0:78:1C:54;
172.17.40.227;;up;;;EC:63:D7:4D:61:15;
172.17.40.228;;up;;;EE:39:9A:14:9B:D5;
172.17.40.230;;up;;;02:DC:CF:A4:14:AB;
172.17.40.235;;up;;;9A:A5:3A:09:52:43;
172.17.40.236;;up;;;B0:7D:64:74:DB:00;
172.17.40.240;;up;;;B2:C8:C1:A5:47:E0;
172.17.40.241;;up;;;68:3E:26:91:62:8E;
172.17.40.245;;up;;;D2:33:8C:35:F8:C9;
172.17.40.249;;up;;;76:B1:9F:A3:24:8B;
172.17.40.250;;up;;DESKTOP-A8O42I0;14:AB:C5:19:F5:46;Intel
172.17.41.3;;up;;;9C:4E:36:DC:93:D0;Intel
172.17.41.4;;up;;;44:85:00:B2:51:1F;Intel
172.17.41.7;;up;;;E6:2A:21:84:64:E9;
172.17.41.11;;up;;;AC:1E:9E:51:33:8E;
172.17.41.13;;up;;;6A:5E:4C:FC:77:FD;
172.17.41.15;;up;;;1E:EB:0E:C1:6C:D5;
172.17.41.17;;up;;;FA:5A:D9:EF:96:5F;
172.17.41.19;;up;;;34:02:86:43:FE:A9;Intel
172.17.41.21;;up;;;92:F7:84:63:B3:15;
172.17.41.22;;up;;;5C:FB:3A:2D:F0:E3;
172.17.41.29;;up;;DCNET-18;2C:8D:B1:27:A4:F2;
172.17.41.38;;up;;MACBOOKAIR-EBE2;08:6D:41:C6:EB:E2;Apple
172.17.41.42;;up;;;44:85:00:4B:0B:81;Intel
172.17.41.47;;up;;;EC:63:D7:C8:11:08;
172.17.41.52;;up;;;FA:FF:8C:A1:95:E8;
172.17.41.57;;up;;;98:F6:21:8F:61:95;
172.17.41.62;;up;;;74:4C:A1:76:16:B7;
172.17.41.64;;up;;;F4:B3:01:00:B5:5E;
172.17.41.66;;up;;;06:63:81:A2:DD:18;
172.17.41.67;;up;;;3C:7A:F0:E0:4C:22;
172.17.41.68;;up;;;9C:5A:81:D4:0B:C2;
172.17.41.71;;up;;;4E:EB:D7:51:0D:1E;
172.17.41.87;;up;;;CE:48:25:C9:81:68;
172.17.41.88;;up;;;5A:F6:0B:C1:2A:B1;
172.17.41.91;;up;;;E6:6F:91:4A:76:F3;
172.17.41.92;;up;;;E4:A7:A0:81:84:31;Intel
172.17.41.98;;up;;;30:07:4D:80:27:E3;
172.17.41.100;;up;;;94:0E:6B:FB:58:45;
172.17.41.109;;up;;;D8:BB:2C:CA:3F:BD;Apple
172.17.41.110;;up;;;CA:3D:9D:AB:31:0F;
172.17.41.111;;up;;;74:70:FD:86:95:8E;
172.17.41.112;;up;;;7E:DA:BC:61:47:2A;
172.17.41.113;;up;;;DA:7E:EF:59:63:FB;
172.17.41.117;;up;;;16:20:15:6C:9E:D0;
172.17.41.121;;up;;;16:EB:CE:1C:CB:29;
172.17.41.128;;up;;;9A:4C:C3:1C:B6:C0;
172.17.41.130;;up;;;82:B8:9E:40:A9:56;
172.17.41.143;;up;;;7C:FD:6B:39:8D:FC;
172.17.41.144;;up;;;D6:E6:1F:34:0F:71;
172.17.41.149;;up;;;32:12:7C:0E:64:AB;
172.17.41.150;;up;;;38:37:8B:73:D4:63;
172.17.41.159;;up;;;82:29:3E:E5:95:3F;
172.17.41.161;;up;;;04:D3:B5:F3:DE:5D;
172.17.41.165;;up;;;0E:13:EC:4E:4B:38;
172.17.41.167;;up;;;D2:65:6E:FA:3B:B6;
172.17.41.173;;up;;;2E:0F:68:A0:CA:38;
172.17.41.180;;up;;;02:73:81:D3:9E:ED;
172.17.41.182;;up;;;22:8D:3F:5C:A1:1A;
172.17.41.185;;up;;;0A:71:24:3D:FC:5D;
172.17.41.188;;up;;;62:E2:3C:76:24:05;
172.17.41.190;;up;;;36:B7:7E:1A:C4:E8;
172.17.41.191;;up;;;EE:8F:5A:89:20:B3;
172.17.41.193;;up;;;0A:6D:EF:09:C8:20;
172.17.41.195;;up;;;7C:A1:77:3C:93:F0;
172.17.41.198;;up;;;5E:3F:24:11:B8:7C;
172.17.41.203;;up;;;9C:BC:F0:25:10:DC;
172.17.41.212;;up;;;D4:6D:6D:9E:B6:FA;
172.17.41.213;;up;;;50:98:39:84:E3:86;
172.17.41.223;;up;;DESKTOP-EU5U690;F0:D5:BF:74:5C:98;Intel
172.17.41.224;;up;;;E6:84:8A:30:2D:A0;
172.17.41.226;;up;;ISBLT-10442;2C:6D:C1:6F:ED:3E;
172.17.41.228;;up;;;76:69:20:A5:00:08;
172.17.41.236;;up;;;F2:05:AA:24:E0:1B;
172.17.41.237;;up;;;AE:A3:C1:7A:53:3A;
172.17.41.240;;up;;;A4:08:EA:17:03:6E;Murata Manufacturing
172.17.41.254;;up;;;3A:A3:DB:46:19:E8;
172.17.42.1;;up;;;9C:5A:81:BA:2D:0F;
172.17.42.13;;up;;;BA:E2:63:61:49:DB;
172.17.42.20;;up;;;22:51:5C:D2:1B:FE;
172.17.42.25;;up;;;14:7D:DA:32:CF:84;
172.17.42.29;;up;;;4E:84:45:D1:25:91;
172.17.42.30;;up;;;9C:BC:F0:23:AE:15;
172.17.42.32;;up;;;BC:61:93:80:B3:44;
172.17.42.39;;up;;;2E:2F:90:7A:3D:3C;
172.17.42.40;;up;;;A6:25:F8:B8:8F:0D;
172.17.42.45;;up;;;8E:65:47:28:C3:C8;
172.17.42.61;;up;;;42:D8:57:6B:2C:97;
172.17.42.62;;up;;;A2:66:C0:6C:67:34;
172.17.42.67;;up;;;34:7D:F6:BB:A4:40;
172.17.42.69;;up;;DESKTOP-04S3IQJ;7C:67:A2:A8:27:03;
172.17.42.73;;up;;;E6:D8:E6:DB:5C:1E;
172.17.42.80;;up;;;FE:86:FB:B3:6E:B0;
172.17.42.81;;up;;;0A:A4:09:BF:B4:EC;
172.17.42.83;;up;;;D2:17:75:49:CE:E5;
172.17.42.86;;up;;;4E:44:10:30:52:00;
172.17.42.92;;up;;;C4:9F:4C:39:C9:B6;
172.17.42.93;;up;;;9C:5A:81:85:B3:6B;
172.17.42.97;;up;;;C2:AF:6E:09:91:5E;
172.17.42.109;;up;;;96:63:A0:00:7C:F2;
172.17.42.117;;up;;;4E:FC:F4:AF:79:E4;
172.17.42.119;;up;;;7C:21:4A:5C:E9:CD;
172.17.42.122;;up;;;0C:C6:FD:90:28:91;
172.17.42.127;;up;;;3C:06:30:22:74:30;
172.17.42.128;;up;;;AA:9E:8D:82:63:AA;
172.17.42.132;;up;;;86:59:9D:7C:CF:85;
172.17.42.142;;up;;;16:B5:E9:D7:AC:4B;
172.17.42.144;;up;;;1A:41:E7:15:A0:77;
172.17.42.146;;up;;;7E:71:A9:80:64:C3;
172.17.42.149;;up;;;F6:D2:52:D3:09:F4;
172.17.42.153;;up;;HASSAAN-PC;64:27:37:D8:5B:35;Hon Hai Precision
172.17.42.155;;up;;DESKTOP-23F32QH;C8:94:02:10:2E:2D;
172.17.42.157;;up;;DESKTOP-FOAAVGU;D8:0F:99:6C:E3:65;Hon Hai Precision
172.17.42.161;;up;;;1C:CC:D6:D4:43:76;
172.17.42.163;;up;;;1A:EC:B3:58:3E:2C;
172.17.42.173;;up;;;10:3F:44:64:8E:6A;
172.17.42.175;;up;;;D8:0F:99:5F:41:C5;Hon Hai Precision
172.17.42.177;;up;;HASSANALIPC;18:CC:18:BD:94:AD;
172.17.42.181;;up;;;00:45:E2:12:D1:01;
172.17.42.186;;up;;;AC:23:34:0B:19:C7;
172.17.42.190;;up;;;B6:9B:A8:8C:94:4E;
172.17.42.199;;up;;;3A:12:BF:35:93:B8;
172.17.42.202;;up;;;F6:40:C6:75:C2:DA;
172.17.42.204;;up;;;A2:C2:94:CE:24:E4;
172.17.42.208;;up;;;A2:82:3F:C0:D2:55;
172.17.42.216;;up;;;56:B5:E1:4D:1A:26;
172.17.42.217;;up;;;A6:34:AF:52:1C:54;
172.17.42.220;;up;;DESKTOP-B3FPM03;80:91:33:85:9D:97;
172.17.42.221;;up;;;BC:A5:8B:54:14:1E;
172.17.42.223;;up;;;6A:05:36:34:02:E3;
172.17.42.226;;up;;;D6:1F:5D:27:C0:E9;
172.17.42.229;;up;;;5E:FE:00:E9:B6:E0;
172.17.42.233;;up;;;66:79:9A:8F:70:86;
172.17.42.234;;up;;;10:6F:D9:7A:19:D3;
172.17.42.235;;up;;;1A:9D:13:F2:8A:E3;
172.17.42.239;;up;;;F8:9E:94:29:97:35;
172.17.42.252;;up;;;48:51:B7:55:60:FE;Intel
172.17.43.1;;up;;;62:0F:1C:80:C3:38;
172.17.43.8;;up;;;14:AB:C5:46:34:B2;Intel
172.17.43.9;;up;;;66:8C:54:4B:2F:C1;
172.17.43.10;;up;;;42:A8:C3:A8:78:79;
172.17.43.16;;up;;;C4:9F:4C:61:79:DC;
172.17.43.17;;up;;;FC:B3:BC:93:18:AE;
172.17.43.19;;up;;;E2:ED:B7:BB:79:9F;
172.17.43.22;;up;;;E6:05:1A:26:49:CD;
172.17.43.27;;up;;;92:61:BA:DA:DF:7B;
172.17.43.31;;up;;;CE:40:45:8C:E1:A8;
172.17.43.39;;up;;;56:E0:EA:E3:DD:64;
172.17.43.43;;up;;;50:DA:D6:D0:A4:75;
172.17.43.50;;up;;;AC:B5:7D:5F:92:A8;Liteon Technology
172.17.43.54;;up;;;A8:5E:45:8C:1E:94;
172.17.43.57;;up;;;6C:43:3C:A6:F1:19;
172.17.43.60;;up;;;22:84:2B:F7:D3:B7;
172.17.43.65;;up;;;76:C7:40:90:58:F0;
172.17.43.69;;up;;;F6:3A:C6:0C:DB:FE;
172.17.43.70;;up;;;16:AA:D5:5E:30:5C;
172.17.43.77;;up;;;C6:5A:08:E4:7A:0A;
172.17.43.89;;up;;;BE:B0:57:BA:2E:B2;
172.17.43.91;;up;;;82:44:39:6A:FC:DD;
172.17.43.92;;up;;;3A:1E:44:7E:95:03;
172.17.43.107;;up;;;E6:0C:7A:CD:7E:20;
172.17.43.111;;up;;;4A:43:87:F3:C4:86;
172.17.43.113;;up;;;AC:23:34:8F:3E:E3;
172.17.43.114;;up;;;82:AA:14:96:AE:B7;
172.17.43.119;;up;;;AE:0A:A0:77:CC:E3;
172.17.43.134;;up;;;A2:09:1C:07:B3:9A;
172.17.43.136;;up;;;7E:5C:07:08:BB:C1;
172.17.43.139;;up;;;3A:B2:52:95:31:66;
172.17.43.140;;up;;;9A:ED:78:33:3F:08;
172.17.43.141;;up;;;B2:D0:F9:40:E3:3E;
172.17.43.145;;up;;;06:37:B7:37:51:D6;
172.17.43.148;;up;;;86:D3:56:58:36:9C;
172.17.43.156;;up;;;2E:22:DB:7C:E0:07;
172.17.43.166;;up;;;74:15:75:EB:9B:F5;
172.17.43.168;;up;;DESKTOP00001;E4:A4:71:10:11:C0;Intel
172.17.43.170;;up;;;D2:16:D1:09:6A:22;
172.17.43.176;;up;;;36:0E:7D:CA:5F:F3;
172.17.43.177;;up;;;B2:19:B8:69:F0:33;
172.17.43.181;;up;;;A6:66:4F:EA:73:B0;
172.17.43.187;;up;;LAPTOP-PCK3G5I1;10:6F:D9:8B:62:85;
172.17.43.202;;up;;;28:16:AD:C1:BC:95;Intel
172.17.43.204;;up;;;9A:7E:02:70:FB:F7;
172.17.43.209;;up;;;92:BA:6B:2B:96:85;
172.17.43.216;;up;;;FA:16:75:B3:62:93;
172.17.43.223;;up;;;1A:CD:FC:BE:CE:45;
172.17.43.228;;up;;;D2:C3:FF:CD:CD:36;
172.17.43.229;;up;;;82:B8:DC:47:DE:49;
172.17.43.237;;up;;;9A:81:48:C4:6D:1A;
172.17.43.239;;up;;;42:F6:6C:4C:B0:8F;
172.17.43.244;;up;;;40:1C:83:8A:2F:1E;
172.17.43.246;;up;;;EE:A3:AE:81:51:17;
172.17.43.247;;up;;;2A:FC:53:DD:51:F4;
172.17.43.248;;up;;;6E:D4:F6:E9:C6:E4;
172.17.43.253;;up;;;DA:4D:B7:43:D6:50;
172.17.44.2;;up;;;62:EA:AA:F5:29:0B;
172.17.44.9;;up;;;0C:C6:FD:8D:22:93;
172.17.44.16;;up;;;A6:73:AB:29:87:FB;
172.17.44.17;;up;;;F0:6E:0B:C7:D2:55;
172.17.44.18;;up;;;DC:72:9B:E5:CA:6D;
172.17.44.20;;up;;;98:E0:D9:69:56:2D;Apple
172.17.44.23;;up;;;C6:C0:26:BE:6B:D1;
172.17.44.37;;up;;;3A:65:4F:0A:85:51;
172.17.44.38;;up;;;AC:5F:3E:4C:B7:3B;Samsung
172.17.44.42;;up;;;2C:D0:66:2C:12:47;
172.17.44.49;;up;;;98:AF:65:31:7D:F1;
172.17.44.51;;up;;;F4:D1:08:C8:7C:83;
172.17.44.56;;up;;;26:C8:71:D6:54:59;
172.17.44.60;;up;;;D2:A2:E9:40:20:CE;
172.17.44.61;;up;;;4A:5A:78:F8:77:19;
172.17.44.72;;up;;;4E:CA:47:E8:F9:15;
172.17.44.73;;up;;;42:58:90:98:42:8D;
172.17.44.77;;up;;;04:E5:98:63:9D:0F;
172.17.44.81;;up;;;D0:53:49:35:73:F6;Liteon Technology
172.17.44.83;;up;;;E4:A7:C5:67:3C:5C;
172.17.44.85;;up;;;34:02:86:9B:06:68;Intel
172.17.44.86;;up;;;26:9B:CB:03:7C:2F;
172.17.44.89;;up;;;60:67:20:02:97:AA;Intel
172.17.44.92;;up;;;6E:46:F8:09:0D:1A;
172.17.44.93;;up;;SHROUD;EC:2E:98:1C:D6:39;
172.17.44.96;;up;;;66:D1:40:0A:5D:72;
172.17.44.100;;up;;;C2:B4:5A:D8:2B:28;
172.17.44.102;;up;;;86:4E:E8:82:2B:19;
172.17.44.104;;up;;;0A:30:C5:68:3A:52;
172.17.44.108;;up;;;02:D4:63:B0:EA:C3;
172.17.44.110;;up;;;6E:BB:FC:CD:04:B7;
172.17.44.112;;up;;;44:85:00:58:60:06;Intel
172.17.44.120;;up;;;5C:3A:45:D7:61:03;
172.17.44.121;;up;;;06:C8:0E:8F:09:21;
172.17.44.123;;up;;;8E:05:29:1A:8B:45;
172.17.44.129;;up;;;1E:59:22:02:65:27;
172.17.44.134;;up;;MAHEEN;E8:FB:1C:C2:86:A3;
172.17.44.136;;up;;;BE:11:B3:D7:04:D9;
172.17.44.138;;up;;;10:6F:D9:12:05:49;
172.17.44.152;;up;;;B4:CD:27:6B:7B:6B;
172.17.44.153;;up;;DESKTOP-L4OTVSC;08:D4:0C:8E:D6:86;Intel
172.17.44.156;;up;;PHO2-48;9C:DA:3E:9E:DC:16;
172.17.44.162;;up;;;AA:6C:31:33:58:D8;
172.17.44.163;;up;;;22:10:7E:A4:9A:00;
172.17.44.165;;up;;;74:40:BB:26:23:C5;
172.17.44.170;;up;;;9E:F1:0B:49:34:0F;
172.17.44.171;;up;;DESKTOP-L7TOMP4;4C:D5:77:86:E8:79;
172.17.44.173;;up;;;C8:09:A8:22:38:B9;
172.17.44.174;;up;;DESKTOP-POSC2QS;A0:A8:CD:C7:3E:9F;Intel
172.17.44.176;;up;;;26:8E:B4:2F:89:CB;
172.17.44.180;;up;;;D6:D4:39:73:18:15;
172.17.44.181;;up;;;82:96:2B:A9:CA:37;
172.17.44.182;;up;;;80:79:5D:C5:5F:AF;
172.17.44.186;;up;;KASHIF-KAMRAN;48:5F:99:D0:A4:97;
172.17.44.189;;up;;;FE:F8:99:01:6F:2E;
172.17.44.190;;up;;;56:A2:8C:60:F1:99;
172.17.44.191;;up;;;DC:FB:48:F4:7A:D6;
172.17.44.194;;up;;;8A:5D:55:41:D3:18;
172.17.44.199;;up;;;5C:E0:C5:D9:71:73;Intel
172.17.44.200;;up;;;3A:19:D4:C2:F3:64;
172.17.44.203;;up;;;34:1C:F0:FD:04:1E;
172.17.44.204;;up;;;80:19:34:33:F0:1D;Intel
172.17.44.213;;up;;;C6:C5:8C:FC:97:DA;
172.17.44.216;;up;;;4A:15:8D:EA:C6:EA;
172.17.44.217;;up;;;68:5A:CF:5E:C6:58;
172.17.44.218;;up;;;B6:1F:E6:93:A0:4C;
172.17.44.220;;up;;;D8:55:75:E9:87:17;
172.17.44.221;;up;;;D8:C0:A6:40:48:FB;
172.17.44.223;;up;;;06:7B:64:9D:9D:D1;
172.17.44.228;;up;;;F0:9E:4A:28:B4:37;
172.17.44.229;;up;;;26:A1:5E:85:CC:67;
172.17.44.231;;up;;;B6:FD:5D:ED:24:7A;
172.17.44.233;;up;;;6A:A9:D3:83:C4:73;
172.17.44.236;;up;;;72:13:55:02:CE:39;
172.17.44.237;;up;;;FA:4E:F2:30:8D:88;
172.17.44.242;;up;;;DE:3E:9D:8F:09:8A;
172.17.44.245;;up;;;5C:5F:67:CC:41:F6;
172.17.44.247;;up;;;B4:39:39:C1:CD:ED;
172.17.44.251;;up;;;3E:72:E6:2E:96:61;
172.17.44.255;;up;;;88:46:04:4F:E0:53;
172.17.45.0;;up;;DESKTOP-ISEE62I;E4:B3:18:53:A4:35;Intel
172.17.45.4;;up;;;60:57:18:D5:76:9A;Intel
172.17.45.9;;up;;DESKTOP-2PBD1A2;38:59:F9:C0:47:D9;Hon Hai Precision
172.17.45.11;;up;;;6A:88:B3:5C:13:3B;
172.17.45.18;;up;;;A2:0D:F4:D1:94:2E;
172.17.45.20;;up;;;F0:D5:BF:BB:24:6B;Intel
172.17.45.24;;up;;;44:03:2C:E6:7E:9A;
172.17.45.26;;up;;;8C:70:5A:96:EE:7C;Intel
172.17.45.31;;up;;;FE:78:56:5B:B8:3A;
172.17.45.33;;up;;;B2:E8:90:4C:4D:F4;
172.17.45.35;;up;;;96:FD:97:E0:8F:A2;
172.17.45.36;;up;;DESKTOP-08SPIEK;00:E9:3A:59:4F:69;
172.17.45.37;;up;;;82:9C:C2:53:94:25;
172.17.45.43;;up;;;58:00:E3:7F:AB:73;Liteon Technology
172.17.45.45;;up;;;D6:95:0D:C3:9C:2E;
172.17.45.49;;up;;DELLINSPIRON;78:E4:00:0C:B3:32;Hon Hai Precision
172.17.45.51;;up;;;9A:55:88:EA:79:7E;
172.17.45.64;;up;;;80:45:DD:BB:1F:C5;
172.17.45.65;;up;;;BA:16:15:0D:54:32;
172.17.45.67;;up;;LAPTOP-64DPPA7O;5C:FB:3A:90:6F:E1;
172.17.45.69;;up;;DESKTOP-0DP1GIQ;F8:DA:0C:3D:44:CD;Hon Hai Precision
172.17.45.83;;up;;;3E:78:51:0C:E9:7E;
172.17.45.86;;up;;MACBOOKPRO-7610;A0:78:17:6F:76:10;
172.17.45.88;;up;;;EE:43:BB:4E:57:03;
172.17.45.89;;up;;;44:03:2C:C5:6D:31;
172.17.45.90;;up;;;44:55:C4:78:A5:D7;
172.17.45.94;;up;;;A0:C9:A0:7D:4C:1B;
172.17.45.96;;up;;;4A:0A:5C:C6:1D:7B;
172.17.45.98;;up;;;BC:61:93:80:31:84;
172.17.45.100;;up;;DESKTOP-1UE8707;64:80:99:B7:18:67;Intel
172.17.45.102;;up;;;E0:CC:F8:F1:8C:1A;
172.17.45.104;;up;;;72:26:60:B3:55:ED;
172.17.45.106;;up;;;E2:A5:13:15:6F:B3;
172.17.45.112;;up;;;BC:61:93:80:04:6A;
172.17.45.117;;up;;;66:CF:71:EE:03:E7;
172.17.45.124;;up;;;24:11:45:CC:B5:B1;
172.17.45.130;;up;;;00:28:F8:B8:4F:9D;Intel
172.17.45.146;;up;;;EE:44:34:E6:15:A7;
172.17.45.152;;up;;;5A:CF:01:D0:7E:F6;
172.17.45.154;;up;;;92:AE:BB:13:D2:C8;
172.17.45.157;;up;;;EA:66:64:4C:E3:C1;
172.17.45.158;;up;;;4A:5B:37:45:59:B4;
172.17.45.160;;up;;;32:99:4D:9C:40:93;
172.17.45.164;;up;;;9A:29:B3:4A:02:50;
172.17.45.166;;up;;;62:75:B7:BC:82:41;
172.17.45.171;;up;;INBOOK_X1;84:1B:77:BE:B2:6B;
172.17.45.172;;up;;;BE:D5:AC:BA:50:CA;
172.17.45.176;;up;;;8C:83:E1:FA:1B:FA;
172.17.45.183;;up;;;CA:1B:20:22:3F:D8;
172.17.45.184;;up;;;92:6E:72:6C:0B:1B;
172.17.45.185;;up;;;44:03:2C:D4:72:C7;
172.17.45.186;;up;;;FC:01:7C:69:D4:8D;
172.17.45.187;;up;;;AE:50:1B:60:BF:32;
172.17.45.200;;up;;;82:3D:1A:73:64:0F;
172.17.45.202;;up;;;46:D6:76:69:03:7F;
172.17.45.221;;up;;;C6:BC:30:CC:8A:3C;
172.17.45.222;;up;;;72:D8:E7:15:92:89;
172.17.45.223;;up;;;42:F5:D6:CE:63:43;
172.17.45.226;;up;;;8C:F5:A3:C1:0B:1C;
172.17.45.231;;up;;;12:1D:1E:AD:19:24;
172.17.45.235;;up;;;62:F6:B8:72:66:B1;
172.17.45.240;;up;;;42:78:D8:D0:11:52;
172.17.45.242;;up;;;BE:00:A1:8C:89:21;
172.17.45.245;;up;;;3A:7B:4D:D4:14:AA;
172.17.45.249;;up;;;42:8F:0B:52:43:38;
172.17.46.2;;up;;DESKTOP-HKKLFFB;AC:7B:A1:AC:70:F6;Intel
172.17.46.4;;up;;;C6:58:A5:F8:17:77;
172.17.46.5;;up;;;CE:9B:6A:93:3D:97;
172.17.46.6;;up;;;42:41:26:7F:01:0B;
172.17.46.8;;up;;;8C:C8:4B:4D:C8:D1;
172.17.46.19;;up;;;AC:23:34:4C:4B:97;
172.17.46.22;;up;;;40:A3:CC:D8:BE:F9;
172.17.46.26;;up;;;98:9C:57:8F:53:F4;
172.17.46.28;;up;;;22:7E:52:F0:E3:33;
172.17.46.29;;up;;;1C:CC:D6:42:E0:09;
172.17.46.31;;up;;;AC:5F:3E:C6:FE:B6;Samsung
172.17.46.33;;up;;;E4:A7:C5:13:77:99;
172.17.46.36;;up;;;CE:26:04:F0:69:85;
172.17.46.37;;up;;;80:4E:70:02:38:6A;
172.17.46.39;;up;;;0E:2D:14:ED:0F:17;
172.17.46.47;;up;;;3E:81:2D:15:B6:A6;
172.17.46.53;;up;;;A0:57:E3:DD:1A:D6;
172.17.46.56;;up;;;E4:42:A6:51:58:F1;
172.17.46.62;;up;;MSI;E0:2B:E9:CC:DC:2E;
172.17.46.63;;up;;;74:C1:7D:FA:8D:07;
172.17.46.66;;up;;;E2:80:93:8B:76:8F;
172.17.46.72;;up;;;FA:F4:EB:90:D1:FE;
172.17.46.73;;up;;;AE:A5:12:5C:0E:26;
172.17.46.78;;up;;;50:DA:D6:A5:D0:91;
172.17.46.80;;up;;;48:83:B4:89:65:1D;
172.17.46.81;;up;;;86:AC:03:0D:27:42;
172.17.46.83;;up;;;06:22:FE:48:43:3D;
172.17.46.84;;up;;;44:66:FC:3A:5D:65;
172.17.46.92;;up;;;02:D7:2A:A0:6B:CC;
172.17.46.94;;up;;AIMEN;5C:FB:3A:69:EA:DB;
172.17.46.96;;up;;;10:02:B5:D1:D7:60;Intel
172.17.46.105;;up;;;A0:A8:CD:27:25:3B;Intel
172.17.46.106;;up;;;30:10:B3:72:94:E2;Liteon Technology
172.17.46.108;;up;;;16:0E:67:A0:B7:15;
172.17.46.111;;up;;;96:DE:03:98:86:20;
172.17.46.113;;up;;;18:56:80:FF:6D:92;
172.17.46.114;;up;;;10:4A:7D:D2:15:27;Intel
172.17.46.115;;up;;;1A:07:C8:2D:F8:26;
172.17.46.116;;up;;DESKTOP-L34ICVV;14:13:33:28:24:9F;
172.17.46.117;;up;;;42:BC:59:D3:DF:62;
172.17.46.125;;up;;;92:E2:5C:65:5B:E5;
172.17.46.134;;up;;;CE:E1:E1:BB:51:CE;
172.17.46.137;;up;;;0E:9F:1C:9E:00:AA;
172.17.46.140;;up;;;D2:FA:D6:AD:F2:8E;
172.17.46.146;;up;;MALAIKA;2C:8D:B1:A2:C0:F1;
172.17.46.148;;up;;;2C:D0:66:4D:92:99;
172.17.46.151;;up;;;B0:35:9F:D9:CB:23;
172.17.46.154;;up;;;B0:35:9F:B2:F2:32;
172.17.46.156;;up;;;94:65:2D:70:14:02;OnePlus Technology (Shenzhen)
172.17.46.163;;up;;;80:45:DD:BD:19:83;
172.17.46.165;;up;;;7E:4A:AD:5B:1C:F7;
172.17.46.170;;up;;;82:CD:C0:CE:2D:65;
172.17.46.172;;up;;;04:6C:59:0A:FD:70;
172.17.46.180;;up;;;52:A9:E7:45:FB:3D;
172.17.46.182;;up;;;8E:FB:2A:1C:97:BA;
172.17.46.184;;up;;MACBOOKPRO-C2F1;B0:BE:83:78:C2:F1;
172.17.46.187;;up;;;1A:02:06:BA:34:78;
172.17.46.194;;up;;;92:AF:26:02:68:50;
172.17.46.195;;up;;;08:7F:98:04:B7:47;
172.17.46.196;;up;;DESKTOP-98101EV;28:39:26:2B:44:8F;
172.17.46.198;;up;;;62:BD:96:53:93:CA;
172.17.46.199;;up;;;E2:1D:35:F1:A2:B6;
172.17.46.204;;up;;;DE:74:ED:B3:E2:26;
172.17.46.212;;up;;;60:57:18:5F:04:47;Intel
172.17.46.213;;up;;;D0:DF:9A:D7:79:AF;Liteon Technology
172.17.46.215;;up;;SHAHRUKHGHAZAAN;1C:BF:C0:EC:B8:4F;
172.17.46.216;;up;;;DE:D1:BB:AE:94:23;
172.17.46.220;;up;;;1A:70:3E:71:24:03;
172.17.46.226;;up;;;46:13:41:CC:BE:D2;
172.17.46.230;;up;;;A6:D7:67:D7:81:5D;
172.17.46.231;;up;;;38:68:93:7F:C0:D3;
172.17.46.233;;up;;;60:AB:67:BF:87:D6;
172.17.46.236;;up;;;10:0B:A9:81:56:30;Intel
172.17.46.238;;up;;;B6:29:BD:BE:64:DB;
172.17.46.239;;up;;;80:45:DD:BD:17:26;
172.17.46.241;;up;;;A0:57:E3:DD:1A:D6;
172.17.46.243;;up;;;A2:96:05:A2:F9:18;
172.17.46.246;;up;;;50:C2:E8:53:E0:F3;
172.17.46.248;;up;;;F8:A2:D6:C5:9F:FB;
172.17.46.250;;up;;;DA:2E:18:D0:39:94;
172.17.46.252;;up;;;F6:02:C2:5A:49:96;
172.17.47.1;;up;;;30:24:32:AD:F8:59;
172.17.47.2;;up;;;1E:68:80:E5:9C:DC;
172.17.47.4;;up;;;0A:31:C0:85:98:5A;
172.17.47.10;;up;;;DA:98:84:B0:8B:18;
172.17.47.11;;up;;MYPRECIOUSPC;70:1C:E7:91:EC:5E;Intel
172.17.47.13;;up;;;0A:AD:80:8A:FE:40;
172.17.47.14;;up;;;DC:FB:48:7A:E9:FF;
172.17.47.20;;up;;;2E:1C:50:EE:94:71;
172.17.47.24;;up;;;E4:F8:9C:7C:52:C2;Intel
172.17.47.25;;up;;;64:80:99:BD:EA:F7;Intel
172.17.47.32;;up;;;F6:F1:1F:CE:96:E4;
172.17.47.37;;up;;DESKTOP-F011T16;E4:02:9B:C0:72:B8;Intel
172.17.47.38;;up;;;AC:1E:9E:51:66:D2;
172.17.47.43;;up;;;EA:57:52:66:1E:ED;
172.17.47.48;;up;;;F6:F4:DB:91:11:D3;
172.17.47.53;;up;;;A2:28:E8:F9:DE:FE;
172.17.47.55;;up;;;0E:8D:B3:94:18:28;
172.17.47.56;;up;;;AC:92:32:9D:61:57;
172.17.47.61;;up;;;1A:C3:01:EE:D2:F7;
172.17.47.62;;up;;;60:AB:67:C2:EF:21;
172.17.47.66;;up;;;58:85:E9:8F:A4:CF;
172.17.47.67;;up;;DESKTOP-G3NCEMO;94:65:9C:5D:CB:9A;Intel
172.17.47.76;;up;;DESKTOP-EM6BMB7;24:77:03:8E:02:C4;Intel
172.17.47.77;;up;;;98:2C:BC:2E:CB:2E;
172.17.47.80;;up;;;56:B2:24:EC:1E:F8;
172.17.47.82;;up;;;A6:75:84:5B:65:C6;
172.17.47.84;;up;;;82:C1:F2:A9:73:9E;
172.17.47.87;;up;;;70:5F:A3:2D:26:F6;
172.17.47.88;;up;;;B0:35:9F:03:08:E5;
172.17.47.92;;up;;;34:1C:F0:F0:7C:04;
172.17.47.94;;up;;;06:35:F0:35:E5:5F;
172.17.47.97;;up;;;92:6B:98:96:39:70;
172.17.47.99;;up;;;06:ED:5B:DC:FA:7F;
172.17.47.103;;up;;;74:12:B3:D7:2D:B3;
172.17.47.104;;up;;;BE:00:D1:E4:F1:78;
172.17.47.105;;up;;;CA:91:BB:2E:84:58;
172.17.47.109;;up;;;4E:E1:11:E0:E2:FA;
172.17.47.111;;up;;;B2:50:A8:CC:1A:40;
172.17.47.113;;up;;MASTEROZ786;70:1C:E7:FC:A0:AD;Intel
172.17.47.115;;up;;;2A:CE:6C:C9:3C:7C;
172.17.47.117;;up;;;42:32:2F:1A:7B:DC;
172.17.47.124;;up;;;1A:37:8C:B4:29:A7;
172.17.47.125;;up;;;E2:91:92:FB:CD:61;
172.17.47.126;;up;;;2E:BA:A7:55:C0:35;
172.17.47.127;;up;;;AC:1E:9E:51:6D:44;
172.17.47.130;;up;;;64:80:99:FE:38:05;Intel
172.17.47.133;;up;;;F0:9E:4A:53:F5:C5;
172.17.47.135;;up;;;00:24:D6:F0:93:F3;Intel
172.17.47.139;;up;;;22:E2:3B:AC:54:AA;
172.17.47.155;;up;;;86:F1:5B:D2:8F:AD;
172.17.47.159;;up;;;DA:E5:C6:AD:D3:58;
172.17.47.162;;up;;;E0:CC:F8:21:AF:F2;
172.17.47.176;;up;;;BC:61:93:80:C8:04;
172.17.47.191;;up;;RAWAL4-172;84:C5:A6:AD:8E:F0;
172.17.47.200;;up;;;30:03:C8:C6:37:C7;
172.17.47.202;;up;;;F4:96:34:9A:31:8E;
172.17.47.208;;up;;;B0:BE:83:23:1E:3F;
172.17.47.225;;up;;;E4:02:9B:F1:5A:2C;Intel
172.17.47.226;;up;;;9E:3B:F9:33:69:2E;
172.17.47.227;;up;;;96:65:C2:18:F9:4A;
172.17.47.237;;up;;;D8:C0:A6:3C:46:3D;
172.17.47.239;;up;;;A0:78:17:6D:80:70;
172.17.47.245;;up;;;52:43:E7:A0:9A:1A;
172.17.47.247;;up;;;CC:9F:7A:AA:C7:04;Chiun Mai Communication Systems
172.17.47.249;;up;;;60:B7:6E:06:9C:19;
172.17.47.250;;up;;;7A:AB:E6:36:84:02;
172.17.47.251;;up;;;0A:13:14:A1:98:7B;
172.17.47.254;;up;;;26:95:03:46:E0:58;
172.17.48.1;;up;;;08:97:34:D0:48:00;
172.17.48.105;;up;;;16:EA:28:A4:48:3C;
172.17.48.111;;up;;;92:2F:71:A3:80:06;
172.17.48.117;;up;;;4A:28:DF:68:A3:8E;
172.17.48.118;;up;;DELLCOREI7;A8:6B:AD:11:1A:07;Hon Hai Precision
172.17.48.122;;up;;;8E:8D:13:4E:1C:6C;
172.17.48.124;;up;;;E0:9D:31:7D:D3:20;Intel
172.17.48.138;;up;;;06:3C:28:DA:04:57;
172.17.48.141;;up;;;72:2C:07:BA:DC:2C;
172.17.48.146;;up;;;9A:1F:49:1F:D0:CC;
172.17.48.150;;up;;;DC:21:5C:38:88:FD;
172.17.48.153;;up;;;42:E1:6B:D4:94:ED;
172.17.48.155;;up;;;D6:A7:5D:40:58:99;
172.17.48.164;;up;;MACBOOKPRO-D391;F4:5C:89:AE:D3:91;Apple
172.17.48.165;;up;;;E2:40:21:22:79:0D;
172.17.48.185;;up;;;94:B8:6D:BF:2A:84;
172.17.48.191;;up;;;18:01:F1:E8:FB:49;
172.17.48.193;;up;;;D2:64:BB:B7:1F:B5;
172.17.48.198;;up;;;BE:66:1A:01:FA:7F;
172.17.48.199;;up;;;8A:71:BE:7B:24:F8;
172.17.48.200;;up;;;2E:EE:6A:F9:48:FC;
172.17.48.203;;up;;;42:A4:1D:86:B1:50;
172.17.48.207;;up;;;9A:14:6D:05:9F:39;
172.17.48.214;;up;;;02:76:C7:6B:64:94;
172.17.48.223;;up;;;DC:B7:2E:1F:8E:0C;
172.17.48.234;;up;;DESKTOP-OOPOTCV;00:BB:60:5B:4E:DD;
172.17.48.245;;up;;;56:36:12:25:76:0D;
172.17.48.251;;up;;;FC:19:99:A0:E0:D0;
172.17.48.254;;up;;;BA:6A:12:7C:6F:A1;
172.17.49.4;;up;;;E8:E8:B7:61:D3:1A;
172.17.49.14;;up;;;C4:E1:A1:5F:74:69;
172.17.49.27;;up;;;2E:2F:71:C1:FB:34;
172.17.49.30;;up;;;EA:D3:97:2B:AC:58;
172.17.49.31;;up;;;E8:5A:8B:CD:7B:97;
172.17.49.43;;up;;;54:8C:A0:87:90:A9;Liteon Technology
172.17.49.48;;up;;;12:F7:8C:00:94:10;
172.17.49.54;;up;;DESKTOP-5R8OBMC;74:12:B3:A3:79:ED;
172.17.49.55;;up;;;B0:68:E6:A8:6D:25;
172.17.49.60;;up;;;AA:B0:7E:E2:4E:DA;
172.17.49.66;;up;;;80:4E:70:45:16:7A;
172.17.49.71;;up;;;EE:32:A2:91:D8:40;
172.17.49.72;;up;;;D0:88:0C:7E:37:6A;
172.17.49.81;;up;;;E6:85:A9:D8:68:40;
172.17.49.88;;up;;;B6:E8:E0:B2:E2:18;
172.17.49.92;;up;;;9A:DA:83:65:06:34;
172.17.49.96;;up;;;34:02:86:60:27:A5;Intel
172.17.49.99;;up;;;3A:E5:E5:92:BB:4C;
172.17.49.105;;up;;;34:F6:4B:15:E3:A7;
172.17.49.112;;up;;;36:0A:D5:45:8A:B3;
172.17.49.113;;up;;;E0:CC:F8:A3:C9:4B;
172.17.49.119;;up;;;8A:D5:8C:E5:EC:CE;
172.17.49.120;;up;;;50:DA:D6:F8:82:ED;
172.17.49.121;;up;;;5C:61:99:56:96:B7;
172.17.49.127;;up;;;B8:94:36:F8:08:E9;
172.17.49.130;;up;;;7E:7D:84:D6:02:F0;
172.17.49.132;;up;;;62:B9:CC:01:A0:88;
172.17.49.146;;up;;;96:72:F3:01:8C:89;
172.17.49.147;;up;;MACBOOKPRO-780A;F0:18:98:0D:78:0A;
172.17.49.150;;up;;;5A:ED:09:1A:9E:25;
172.17.49.151;;up;;;AE:79:2D:24:20:98;
172.17.49.157;;up;;;EA:20:8C:23:0E:C8;
172.17.49.159;;up;;RAWAL4-157;FC:44:82:46:F0:50;
172.17.49.168;;up;;;16:2F:4A:B1:4A:F9;
172.17.49.177;;up;;;40:74:E0:1B:E7:39;
172.17.49.183;;up;;;1A:66:B3:2A:1A:3A;
172.17.49.190;;up;;;D0:53:49:32:8B:C5;Liteon Technology
172.17.49.191;;up;;;4A:96:23:D4:2F:AF;
172.17.49.202;;up;;;74:D2:1D:36:4A:A0;
172.17.49.204;;up;;;F0:9E:4A:53:64:DE;
172.17.49.210;;up;;;48:5A:3F:78:60:7F;Wisol
172.17.49.212;;up;;;62:3F:EF:6F:06:D4;
172.17.49.213;;up;;;80:D2:1D:F9:46:7D;AzureWave Technology
172.17.49.214;;up;;;1C:CC:D6:4C:46:D6;
172.17.49.224;;up;;;2A:E5:27:E9:60:4B;
172.17.49.230;;up;;;FA:9F:77:76:BC:82;
172.17.49.232;;up;;;8A:68:87:E4:4F:01;
172.17.49.236;;up;;;CC:F9:E4:F7:25:24;
172.17.49.246;;up;;DESKTOP-U7TGSE1;28:16:AD:D4:7A:A6;Intel
172.17.50.6;;up;;MINAHIL;A4:C3:F0:5F:81:60;
172.17.50.13;;up;;;BE:22:3B:C9:54:E2;
172.17.50.16;;up;;;AC:7B:A1:08:5E:D0;Intel
172.17.50.22;;up;;;E2:F1:90:86:18:30;
172.17.50.23;;up;;;14:9F:3C:C3:8C:32;
172.17.50.29;;up;;;7E:FA:55:32:9C:97;
172.17.50.55;;up;;;EA:F3:9A:3B:69:80;
172.17.50.76;;up;;;98:F6:21:6B:15:DC;
172.17.50.87;;up;;;C6:79:29:46:BA:7D;
172.17.50.90;;up;;;7A:55:6E:60:BE:53;
172.17.50.91;;up;;;E4:02:9B:F2:1F:11;Intel
172.17.50.93;;up;;LAPTOP-966E0PD7;B4:B5:B6:7C:2E:03;
172.17.50.97;;up;;;00:21:6B:F5:32:6E;Intel
172.17.50.107;;up;;;36:6F:55:D3:2F:79;
172.17.50.125;;up;;DESKTOP-7LSTB82;60:57:18:FF:2B:2F;Intel
172.17.50.126;;up;;;80:45:DD:BD:1B:9F;
172.17.50.130;;up;;;2C:DB:07:8A:BE:70;
172.17.50.131;;up;;;26:BD:FC:B3:A5:AA;
172.17.50.133;;up;;;80:56:F2:5C:11:5E;Hon Hai Precision
172.17.50.144;;up;;;20:16:B9:A1:AC:84;
172.17.50.152;;up;;AMMAR-PC;18:3D:A2:47:57:0C;Intel
172.17.50.162;;up;;;52:33:1A:8D:7D:8D;
172.17.50.165;;up;;;A8:6B:AD:6C:7B:7D;Hon Hai Precision
172.17.50.166;;up;;DESKTOP-IBRAHIM;5C:FB:3A:6F:47:DF;
172.17.50.168;;up;;;3A:D5:D4:BB:13:08;
172.17.50.182;;up;;;6C:F7:84:57:C2:C1;
172.17.50.188;;up;;;00:BB:60:AA:BE:F5;
172.17.50.200;;up;;;F2:BF:1E:0A:CC:44;
172.17.50.203;;up;;DESKTOP-CACJ7KV;34:F3:9A:A2:81:45;Intel
172.17.50.206;;up;;;BA:D2:54:62:DA:F1;
172.17.50.209;;up;;MACBOOKAIR-B622;B0:BE:83:39:B6:22;
172.17.50.212;;up;;HAWAI-JAHAZ;A0:A8:CD:C4:E9:33;Intel
172.17.50.221;;up;;DESKTOP-02PN8GQ;B8:8A:60:61:12:50;Intel
172.17.50.227;;up;;;FC:42:03:61:24:D3;Samsung
172.17.50.233;;up;;;C6:20:31:B3:B4:A9;
172.17.50.237;;up;;;3E:00:2E:04:CC:C6;
172.17.50.239;;up;;;FA:31:9C:D9:1C:F0;
172.17.50.254;;up;;;20:F4:78:59:82:C4;
172.17.50.255;;up;;;70:5F:A3:A0:50:FC;
172.17.51.5;;up;;;A4:FC:77:26:F0:25;
172.17.51.12;;up;;;00:E0:21:30:45:3A;Freegate
172.17.51.19;;up;;;4E:15:43:59:2C:AD;
172.17.51.21;;up;;;CE:50:7E:70:5F:A0;
172.17.51.36;;up;;DESKTOP-KHNKUVA;D8:9C:67:4B:9C:D7;
172.17.51.41;;up;;;DE:DD:36:FC:3C:36;
172.17.51.46;;up;;;EE:88:46:7C:4F:F5;
172.17.51.49;;up;;;50:DA:D6:C6:5B:99;
172.17.51.54;;up;;LAPTOP-EE4AA94A;28:D0:EA:F4:AF:1F;
172.17.51.58;;up;;;34:F3:9A:51:C7:3C;Intel
172.17.51.62;;up;;SHIGRI;98:54:1B:B5:61:CF;Intel
172.17.51.66;;up;;;BE:EB:0C:F1:FE:B7;
172.17.51.68;;up;;;2A:DD:33:1D:AF:FD;
172.17.51.73;;up;;;A8:93:4A:B1:1B:B9;
172.17.51.76;;up;;;44:03:2C:B6:BB:3D;
172.17.51.88;;up;;ADMIN-PC;D0:37:45:D3:94:C2;
172.17.51.95;;up;;;CC:82:EB:A2:F1:DA;
172.17.51.100;;up;;;1A:13:28:24:B6:2E;
172.17.51.108;;up;;O15;34:CF:F6:E4:3E:D2;
172.17.51.125;;up;;;A4:83:E7:7E:97:DF;
172.17.51.143;;up;;;E0:1F:88:8E:8A:80;
172.17.51.146;;up;;;DE:45:AD:7A:72:E7;
172.17.51.147;;up;;;3E:55:AB:3C:C3:CF;
172.17.51.148;;up;;;3C:06:30:55:8A:D7;
172.17.51.152;;up;;;0A:63:C0:98:82:A9;
172.17.51.155;;up;;;B0:CC:FE:60:43:8E;
172.17.51.170;;up;;;34:02:86:0E:64:CE;Intel
172.17.51.185;;up;;DESKTOP-KJ3HB3L;B0:C0:90:9D:B9:E6;Chicony Electronics
172.17.51.186;;up;;;D6:53:34:C3:BE:18;
172.17.51.193;;up;;;3E:B7:81:01:D8:F2;
172.17.51.207;;up;;DESKTOP-740RR7N;54:8C:A0:05:CC:AC;Liteon Technology
172.17.51.211;;up;;;48:E7:DA:6E:43:D3;
172.17.51.214;;up;;;A6:59:4E:8E:84:C0;
172.17.51.219;;up;;;3C:F8:62:1A:F8:7E;
172.17.51.224;;up;;;62:1A:22:21:BD:C4;
172.17.51.226;;up;;;A4:02:B9:0F:5C:3F;Intel
172.17.51.232;;up;;;14:AB:C5:39:6A:2F;Intel
172.17.51.247;;up;;;06:7A:20:6F:14:93;
172.17.52.5;;up;;;E4:A7:A0:56:14:68;Intel
172.17.52.21;;up;;;E2:E7:A5:9E:79:6F;
172.17.52.22;;up;;;EA:00:87:FE:B4:82;
172.17.52.26;;up;;DESKTOP-71PT8L7;94:65:9C:DA:53:68;Intel
172.17.52.28;;up;;;16:FB:83:EB:E3:7F;
172.17.52.29;;up;;;5C:EA:1D:67:F6:D7;
172.17.52.48;;up;;;FE:D8:DC:C5:C4:34;
172.17.52.49;;up;;;EA:13:88:F9:4C:92;
172.17.52.50;;up;;;2C:D0:66:23:92:98;
172.17.52.52;;up;;;1C:4D:70:30:9E:F9;
172.17.52.58;;up;;;48:43:7C:B9:C3:65;Apple
172.17.52.60;;up;;;50:DA:D6:0A:A4:25;
172.17.52.68;;up;;;84:FD:D1:6F:2A:43;
172.17.52.69;;up;;;90:0F:0C:93:9B:8F;
172.17.52.83;;up;;;26:E6:F3:FF:54:73;
172.17.52.85;;up;;;F4:8C:50:A3:8D:4C;Intel
172.17.52.89;;up;;;7E:88:CE:E5:C2:D5;
172.17.52.107;;up;;;EA:6D:17:30:6C:06;
172.17.52.110;;up;;;EA:88:DA:E9:6E:B2;
172.17.52.115;;up;;HAMZA;A4:FC:77:22:CC:51;
172.17.52.120;;up;;;64:DD:E9:99:1A:D6;
172.17.52.122;;up;;;B6:62:82:CE:F9:43;
172.17.52.123;;up;;;7E:F5:20:BE:F2:27;
172.17.52.125;;up;;;68:94:23:4D:DE:CF;Hon Hai Precision
172.17.52.126;;up;;;B2:EC:F0:CB:2E:B0;
172.17.52.130;;up;;DCNET-07;2C:8D:B1:27:A5:C4;
172.17.52.148;;up;;;AA:F0:BE:43:3A:B8;
172.17.52.149;;up;;;44:AE:AB:76:6A:85;
172.17.52.150;;up;;;50:ED:3C:4C:21:22;
172.17.52.171;;up;;DCNET-06;2C:8D:B1:27:A5:FB;
172.17.52.178;;up;;;2C:8D:B1:71:4B:34;
172.17.52.183;;up;;;CC:3D:82:1F:D1:D7;Intel
172.17.52.188;;up;;;58:20:59:71:E2:37;
172.17.52.191;;up;;;0A:6B:C8:F2:21:17;
172.17.52.196;;up;;;64:80:99:8C:3B:38;Intel
172.17.52.209;;up;;;96:DA:1D:90:DB:3C;
172.17.52.210;;up;;;D4:1B:81:38:92:23;
172.17.52.211;;up;;;7E:94:02:84:CE:21;
172.17.52.218;;up;;;4C:E0:DB:93:68:42;
172.17.52.223;;up;;;06:EB:9F:0A:E2:EF;
172.17.52.233;;up;;;1C:CC:D6:77:2C:4A;
172.17.52.248;;up;;;5C:E0:C5:C3:18:74;Intel
172.17.52.251;;up;;;56:5D:D5:A4:6C:0E;
172.17.53.2;;up;;DESKTOP-80JSLNL;C4:8E:8F:06:CE:1D;Hon Hai Precision
172.17.53.9;;up;;MR-HASSAN;7C:76:35:B8:3D:55;
172.17.53.12;;up;;;9C:BC:F0:25:26:00;
172.17.53.18;;up;;;70:32:17:74:FA:CC;
172.17.53.21;;up;;OTAKU4205LLC;24:77:03:AC:16:B0;Intel
172.17.53.32;;up;;;8E:59:7F:C3:07:78;
172.17.53.36;;up;;;E2:6E:F5:2D:68:8B;
172.17.53.48;;up;;;0E:83:18:14:5B:52;
172.17.53.58;;up;;;6E:1E:80:A7:7B:D8;
172.17.53.67;;up;;;32:2F:5E:32:91:E2;
172.17.53.74;;up;;;44:03:2C:E6:7D:64;
172.17.53.79;;up;;;F2:57:CF:7F:06:3A;
172.17.53.90;;up;;;AA:E5:2B:9A:ED:9E;
172.17.53.95;;up;;;92:2C:90:4D:80:25;
172.17.53.102;;up;;;44:03:2C:B7:67:CC;
172.17.53.103;;up;;;5A:D6:C8:7B:9C:24;
172.17.53.104;;up;;;74:4C:A1:60:AE:03;
172.17.53.107;;up;;;5C:AD:CF:12:00:84;Apple
172.17.53.116;;up;;;FA:8B:02:B7:60:77;
172.17.53.138;;up;;;88:9F:6F:87:BA:2C;
172.17.53.148;;up;;;F8:16:54:2C:21:49;Intel
172.17.53.152;;up;;DESKTOP-CC4CE64;F4:8C:50:40:F4:11;Intel
172.17.53.155;;up;;;F6:A3:8F:D2:45:77;
172.17.53.160;;up;;;E0:F4:42:7C:46:F7;
172.17.53.174;;up;;DR-Jaffer;4C:BB:58:DE:70:32;Chicony Electronics
172.17.53.189;;up;;DESKTOP-7ORC92I;28:16:AD:67:77:8F;Intel
172.17.53.194;;up;;DESKTOP-398T3S5;E8:B1:FC:F7:CF:24;Intel
172.17.53.199;;up;;MACBOOKPRO-4B6C;A4:83:E7:D7:4B:6C;
172.17.53.211;;up;;;D6:A0:47:DF:4F:16;
172.17.53.216;;up;;;7A:33:AF:23:0B:2F;
172.17.53.219;;up;;;5A:8A:F8:18:B0:6C;
172.17.53.220;;up;;;64:A2:F9:E3:33:52;
172.17.53.241;;up;;;F4:B3:01:8F:59:E4;
172.17.53.250;;up;;;86:55:3E:71:AE:A8;
172.17.54.3;;up;;;38:68:93:92:8D:DA;
172.17.54.16;;up;;;76:27:82:02:4E:C4;
172.17.54.39;;up;;;D8:63:75:28:5E:2E;
172.17.54.42;;up;;;48:45:20:45:48:40;Intel
172.17.54.43;;up;;;EC:2E:98:C5:18:61;
172.17.54.44;;up;;;06:20:CC:AB:71:9D;
172.17.54.50;;up;;;26:3C:E0:49:9D:A0;
172.17.54.54;;up;;;A4:97:B1:56:B2:F9;
172.17.54.58;;up;;;9E:7F:66:29:20:27;
172.17.54.61;;up;;DESKTOP-TROH6LH;DC:53:60:AB:8D:E9;Intel
172.17.54.62;;up;;;5E:D8:BA:3A:78:CF;
172.17.54.65;;up;;;D2:D5:2A:E8:C6:22;
172.17.54.77;;up;;;1E:9C:50:E5:93:FF;
172.17.54.82;;up;;;78:4F:43:9C:1F:B4;Apple
172.17.54.84;;up;;DESKTOP-95JFOIA;A0:A8:CD:9C:DC:86;Intel
172.17.54.88;;up;;;46:93:F7:D4:1B:41;
172.17.54.97;;up;;;B4:8C:9D:BE:4A:59;
172.17.54.102;;up;;DESKTOP-6P39LNL;24:0A:64:00:EE:26;AzureWave Technology
172.17.54.122;;up;;;4E:59:82:32:B8:06;
172.17.54.128;;up;;;82:2E:22:7F:F0:1B;
172.17.54.129;;up;;DESKTOP-3UM1I9D;FC:F8:AE:3E:C5:5B;Intel
172.17.54.134;;up;;;80:45:DD:BD:71:D5;
172.17.54.143;;up;;;1A:44:A6:CC:3A:A4;
172.17.54.167;;up;;;D8:1E:DD:B9:56:39;
172.17.54.174;;up;;;9A:52:89:3A:FA:C1;
172.17.54.179;;up;;;EA:D1:91:F9:60:EC;
172.17.54.182;;up;;;C6:73:59:CC:8C:E6;
172.17.54.183;;up;;;1A:E4:08:E7:17:AF;
172.17.54.185;;up;;DESKTOP-72J4UG9;F8:A2:D6:E9:BA:CF;
172.17.54.191;;up;;;0E:46:7F:77:68:47;
172.17.54.195;;up;;;14:D1:69:39:20:D4;
172.17.54.196;;up;;;9A:EC:5B:3B:0E:58;
172.17.54.199;;up;;;BA:C4:5E:54:AE:B9;
172.17.54.200;;up;;;FA:C9:80:4F:D9:8D;
172.17.54.209;;up;;;CA:03:08:48:04:50;
172.17.54.213;;up;;;12:9D:2C:BF:D0:ED;
172.17.54.216;;up;;;9C:DA:3E:9E:DB:B2;
172.17.54.219;;up;;SABOORS-PC;5C:3A:45:34:AA:75;
172.17.54.228;;up;;FAHD;E0:94:67:35:BF:A1;Intel
172.17.54.231;;up;;;26:5A:29:89:50:E0;
172.17.54.239;;up;;DESKTOP-PF6MCBG;80:2B:F9:86:97:5B;
172.17.54.241;;up;;;A4:34:D9:63:C2:FC;Intel
172.17.54.255;;up;;;06:E5:9F:B3:04:91;
172.17.55.0;;up;;;08:C5:E1:6F:B9:97;
172.17.55.1;;up;;;D8:12:65:69:2A:0D;
172.17.55.2;;up;;;7E:5E:2B:2D:CB:61;
172.17.55.11;;up;;;F0:9E:4A:26:AF:75;
172.17.55.16;;up;;;3C:91:80:28:68:D5;
172.17.55.21;;up;;;96:2B:51:B3:32:6A;
172.17.55.30;;up;;;94:65:9C:AD:11:D7;Intel
172.17.55.37;;up;;;8E:63:5A:3C:DD:D5;
172.17.55.39;;up;;;A0:AF:BD:2F:AB:16;
172.17.55.42;;up;;MEGAHERTZ;60:6D:C7:A0:C6:9F;Hon Hai Precision
172.17.55.43;;up;;DESKTOP-I4U686O;08:5B:D6:B5:78:F4;
172.17.55.45;;up;;;74:C1:4F:E5:06:A1;
172.17.55.46;;up;;;64:DD:E9:5D:71:3D;
172.17.55.48;;up;;;66:F7:C9:77:60:C3;
172.17.55.50;;up;;;BE:77:4B:55:BC:D5;
172.17.55.56;;up;;;C0:2E:25:67:70:59;
172.17.55.57;;up;;;96:36:FA:98:E6:FD;
172.17.55.61;;up;;DESKTOP-CHLN8AO;34:02:86:22:8E:F9;Intel
172.17.55.75;;up;;;14:13:33:8D:1C:F5;
172.17.55.76;;up;;;54:13:79:34:89:8B;Hon Hai Precision
172.17.55.99;;up;;;00:34:DA:98:BC:D7;LG Electronics
172.17.55.101;;up;;;68:EC:C5:13:33:1E;
172.17.55.102;;up;;;02:94:57:99:8C:8E;
172.17.55.108;;up;;;40:F0:2F:1D:FC:85;Liteon Technology
172.17.55.112;;up;;;76:13:2F:91:E2:FE;
172.17.55.115;;up;;;F8:63:3F:BD:A5:C4;Intel
172.17.55.121;;up;;;64:6E:69:E9:35:7B;
172.17.55.129;;up;;;38:68:93:8C:FF:50;
172.17.55.131;;up;;;C8:E2:65:84:71:A0;
172.17.55.132;;up;;MOEEZ;10:0B:A9:59:FD:AC;Intel
172.17.55.139;;up;;;0E:6D:5E:1B:D6:3D;
172.17.55.146;;up;;DESKTOP-27FVTJR;6C:88:14:B5:73:34;Intel
172.17.55.149;;up;;;C2:89:83:AB:EE:74;
172.17.55.156;;up;;;A6:B4:CE:92:57:E1;
172.17.55.161;;up;;;AC:D5:64:9F:CB:E1;
172.17.55.178;;up;;;68:A0:3E:63:5B:13;
172.17.55.185;;up;;;34:23:87:EA:A2:DB;Hon Hai Precision
172.17.55.186;;up;;;34:E6:AD:56:5C:61;Intel
172.17.55.192;;up;;;62:CB:06:9C:D9:C6;
172.17.55.198;;up;;;BC:6C:21:CF:D6:0F;Apple
172.17.55.202;;up;;;F0:9E:4A:53:BB:4B;
172.17.55.204;;up;;;EE:0E:86:DB:B9:00;
172.17.55.205;;up;;;9E:78:6C:FE:C5:48;
172.17.55.207;;up;;;B2:29:1F:9E:3B:15;
172.17.55.211;;up;;;3E:7B:0E:AC:D8:96;
172.17.55.214;;up;;;14:13:33:E5:03:E3;
172.17.55.216;;up;;;E4:A4:71:29:DD:85;Intel
172.17.55.222;;up;;;D8:0F:99:7A:4B:4D;Hon Hai Precision
172.17.55.226;;up;;DESKTOP-4OU7O18;00:28:F8:6A:67:74;Intel
172.17.55.227;;up;;;34:CF:F6:5B:F3:06;
172.17.55.247;;up;;;CE:DA:EA:E4:45:02;
172.17.55.251;;up;;;28:56:5A:3A:B7:99;Hon Hai Precision
172.17.56.7;;up;;DESKTOP-5KARV4B;10:08:B1:56:68:D7;Hon Hai Precision
172.17.56.12;;up;;DESKTOP-22KOO46;DC:53:60:D9:58:5A;Intel
172.17.56.16;;up;;;12:BE:7D:1E:8A:4E;
172.17.56.17;;up;;;80:79:5D:AA:6E:A5;
172.17.56.22;;up;;;12:36:89:9B:DC:66;
172.17.56.26;;up;;;E0:CC:F8:3C:CC:CF;
172.17.56.27;;up;;;E4:B3:18:EF:77:93;Intel
172.17.56.35;;up;;;9C:5A:81:8C:B3:B7;
172.17.56.36;;up;;;DC:A6:32:F0:86:5D;
172.17.56.39;;up;;;C6:CF:4C:AB:62:AD;
172.17.56.40;;up;;;4E:00:30:A5:CD:9D;
172.17.56.41;;up;;;C4:FE:5B:9C:7E:FB;
172.17.56.46;;up;;;5A:5D:E0:7C:0A:CF;
172.17.56.47;;up;;;92:21:3A:B6:EB:E0;
172.17.56.52;;up;;;EE:FE:9C:95:E2:33;
172.17.56.53;;up;;;C8:58:C0:A9:ED:45;
172.17.56.54;;up;;;52:E5:65:80:03:11;
172.17.56.63;;up;;DESKTOP-33MNSMN;10:6F:D9:0B:4E:81;
172.17.56.73;;up;;;50:01:D9:91:DF:C9;Huawei
172.17.56.77;;up;;;9E:F2:B9:0D:47:0A;
172.17.56.78;;up;;;E6:DF:CC:8F:4A:26;
172.17.56.83;;up;;;AE:E6:3D:02:BC:12;
172.17.56.90;;up;;;98:F6:21:40:12:91;
172.17.56.96;;up;;;34:14:5F:5C:9A:C5;Samsung
172.17.56.98;;up;;;AE:5A:8F:89:D9:D0;
172.17.56.99;;up;;;18:70:3B:C8:BD:3E;
172.17.56.100;;up;;;D2:58:E5:A8:26:DA;
172.17.56.111;;up;;SALMANBOKHARI;B8:08:CF:B3:77:89;Intel
172.17.56.116;;up;;LAPTOP-0G9MG5RQ;A0:E7:0B:EE:7A:00;
172.17.56.118;;up;;;2A:25:FF:5E:68:6D;
172.17.56.128;;up;;;5E:93:50:7B:8F:17;
172.17.56.131;;up;;;E8:6F:38:9E:0D:31;
172.17.56.134;;up;;;90:56:FC:00:15:03;
172.17.56.139;;up;;;C6:4D:CC:7C:2B:2A;
172.17.56.141;;up;;;4A:CE:AD:5F:7D:AD;
172.17.56.158;;up;;;E0:CC:F8:F7:31:F4;
172.17.56.159;;up;;;D6:91:B2:FE:7F:9B;
172.17.56.161;;up;;POT2-23;44:03:2C:D4:C3:85;
172.17.56.165;;up;;;BC:A8:A6:E0:8F:A8;Intel
172.17.56.166;;up;;;90:61:AE:55:72:60;
172.17.56.167;;up;;;E6:E8:41:67:E4:F5;
172.17.56.179;;up;;;CE:3A:8D:CB:AD:0E;
172.17.56.195;;up;;;66:93:B2:33:16:06;
172.17.56.196;;up;;MACBOOKPRO-17CF;F4:5C:89:B1:17:CF;Apple
172.17.56.203;;up;;;DA:EA:FF:D4:DD:8D;
172.17.56.204;;up;;;0A:7F:9B:31:A2:50;
172.17.56.206;;up;;DESKTOP-D5EVQV4;14:85:7F:3E:1B:1A;
172.17.56.208;;up;;;70:3A:51:08:7D:78;
172.17.56.212;;up;;;7C:94:2A:41:5E:A9;
172.17.56.224;;up;;;FC:01:7C:8E:76:17;
172.17.56.225;;up;;;44:03:2C:3E:E1:17;
172.17.56.226;;up;;;CA:39:6D:70:70:89;
172.17.56.228;;up;;;38:FB:14:04:19:64;
172.17.56.234;;up;;;7A:33:C3:48:8E:6F;
172.17.56.237;;up;;;0C:E4:A0:62:0F:7E;
172.17.56.238;;up;;;2C:D0:66:23:83:FE;
172.17.56.240;;up;;;2E:F4:7D:AB:B7:BC;
172.17.56.244;;up;;;3A:1F:6D:35:BA:DC;
172.17.56.247;;up;;;82:0C:29:9F:9A:E2;
172.17.56.255;;up;;;54:27:1E:FD:6F:C2;AzureWave Technology
172.17.57.2;;up;;;62:F9:A3:82:E9:52;
172.17.57.6;;up;;;36:56:8E:F2:5F:F7;
172.17.57.8;;up;;;D2:82:C1:CE:CF:83;
172.17.57.12;;up;;;E2:10:57:5D:67:37;
172.17.57.22;;up;;;36:07:ED:9E:E0:8D;
172.17.57.27;;up;;;E6:AC:FE:DA:F1:31;
172.17.57.35;;up;;DESKTOP-ELSQ07T;E4:B3:18:00:5A:0A;Intel
172.17.57.38;;up;;MACBOOKAIR-0157;3C:A6:F6:3E:01:57;
172.17.57.43;;up;;;32:67:3B:88:A7:5A;
172.17.57.49;;up;;;12:62:C5:2C:A8:85;
172.17.57.50;;up;;;F2:4C:31:80:02:1C;
172.17.57.56;;up;;;74:29:AF:46:26:97;Hon Hai Precision
172.17.57.57;;up;;;7C:FD:6B:2D:CF:3E;
172.17.57.58;;up;;;C0:E4:34:39:60:7F;
172.17.57.62;;up;;;FC:3F:7C:72:18:1C;Huawei
172.17.57.63;;up;;;50:3E:AA:EF:E5:40;
172.17.57.64;;up;;MARYAM-PC;F4:8C:50:8F:D2:66;Intel
172.17.57.67;;up;;DESKTOP-07LGMJR;A4:C4:94:8C:11:62;Intel
172.17.57.72;;up;;;8A:22:67:9E:58:D3;
172.17.57.77;;up;;;42:24:9B:5F:23:7E;
172.17.57.79;;up;;;38:47:BC:38:33:01;
172.17.57.80;;up;;;00:90:4C:7D:CC:96;Epigram
172.17.57.83;;up;;;FE:8D:BA:0E:D2:5F;
172.17.57.86;;up;;;BE:F0:D6:17:72:24;
172.17.57.89;;up;;;DA:4B:64:D6:44:44;
172.17.57.98;;up;;;EC:3C:BB:79:E3:6E;
172.17.57.99;;up;;DESKTOP-GHG6M6R;30:10:B3:1F:6C:1E;Liteon Technology
172.17.57.102;;up;;;3A:01:97:C4:02:BA;
172.17.57.103;;up;;;34:6F:24:B4:8A:85;
172.17.57.106;;up;;UTCHAIRMAN;D4:1B:81:38:9E:B5;
172.17.57.108;;up;;;E4:84:D3:74:9B:61;
172.17.57.110;;up;;;A4:4E:31:BC:45:64;Intel
172.17.57.120;;up;;;96:79:BD:2D:5E:E7;
172.17.57.123;;up;;;5A:2C:39:D2:D6:C9;
172.17.57.127;;up;;;36:D8:82:93:A7:6F;
172.17.57.131;;up;;;6A:5D:1F:CB:DD:A8;
172.17.57.137;;up;;;80:65:7C:DF:1B:8C;
172.17.57.142;;up;;DESKTOP-RBT8V8K;B8:81:98:86:9B:6A;Intel
172.17.57.144;;up;;;C2:53:38:A3:B7:70;
172.17.57.150;;up;;;B2:0C:D4:BA:73:8E;
172.17.57.156;;up;;;D6:70:73:E8:63:4F;
172.17.57.158;;up;;DESKTOP-UNH3EMQ;DC:53:60:7A:45:4A;Intel
172.17.57.161;;up;;;36:37:85:BE:11:54;
172.17.57.163;;up;;;88:11:96:A3:82:E4;
172.17.57.167;;up;;;3C:22:FB:F0:38:43;
172.17.57.173;;up;;;7A:48:A2:5E:C5:EE;
172.17.57.182;;up;;;62:E2:8A:F1:BF:51;
172.17.57.191;;up;;DESKTOP-PVL7MQF;AC:82:47:A7:9C:1B;
172.17.57.192;;up;;;5E:03:31:BA:43:AE;
172.17.57.194;;up;;;00:BE:3B:EF:66:98;
172.17.57.198;;up;;;EA:B5:66:5A:0D:84;
172.17.57.199;;up;;HEHEKHADIJA;90:61:AE:79:84:6B;
172.17.57.200;;up;;;BC:3D:85:4B:6B:1F;
172.17.57.204;;up;;;8E:A4:B4:17:C2:DC;
172.17.57.205;;up;;;74:29:AF:35:DB:85;Hon Hai Precision
172.17.57.211;;up;;;3C:F5:91:EE:B4:8D;
172.17.57.213;;up;;;BA:20:F2:21:10:95;
172.17.57.217;;up;;;A4:FC:77:74:BD:03;
172.17.57.221;;up;;;44:6E:E5:2A:DD:10;Huawei
172.17.57.227;;up;;MACBOOKAIR-ACF4;80:65:7C:EF:AC:F4;
172.17.57.228;;up;;;70:DD:A8:C2:A8:48;
172.17.57.233;;up;;;E6:D6:1B:EA:0F:F4;
172.17.57.234;;up;;LPTP-BLONG2RYAN;68:EC:C5:12:E2:24;
172.17.57.237;;up;;;8C:1A:BF:41:95:94;Samsung
172.17.57.240;;up;;;6A:D9:C4:FD:E9:F3;
172.17.57.241;;up;;;86:99:35:42:61:C1;
172.17.57.244;;up;;;FC:19:99:1D:68:5C;
172.17.57.245;;up;;;1E:19:BE:99:D7:7F;
172.17.57.247;;up;;;70:5E:55:78:64:C9;
172.17.57.252;;up;;;98:DD:EA:D3:EC:DC;
172.17.58.0;;up;;;30:A2:C2:D2:42:88;
172.17.58.3;;up;;;28:33:34:3F:D7:9B;
172.17.58.4;;up;;;C6:49:13:00:D1:AE;
172.17.58.8;;up;;;3A:32:3A:DA:09:8F;
172.17.58.9;;up;;;7C:FD:6B:3D:C1:D7;
172.17.58.13;;up;;;90:0F:0C:1F:47:2D;
172.17.58.19;;up;;;C0:E4:34:E0:4F:AD;
172.17.58.21;;up;;;52:D1:2B:1E:77:D5;
172.17.58.22;;up;;;42:D1:2F:B9:FD:6E;
172.17.58.34;;up;;;9C:5A:81:F8:7F:18;
172.17.58.35;;up;;;D8:B0:53:9B:30:0A;
172.17.58.37;;up;;SULTAN;14:F6:D8:8F:24:15;
172.17.58.44;;up;;;4E:A3:B8:95:C8:22;
172.17.58.47;;up;;;F2:E9:7C:41:BB:AD;
172.17.58.49;;up;;;30:6A:85:4B:EB:76;
172.17.58.51;;up;;;A6:9F:D6:75:D1:61;
172.17.58.52;;up;;;2E:D7:F8:51:90:FA;
172.17.58.53;;up;;;70:3E:AC:2A:49:B5;Apple
172.17.58.54;;up;;;32:22:CB:E6:18:94;
172.17.58.57;;up;;;CE:D8:4D:56:2A:CE;
172.17.58.59;;up;;;8A:CF:FB:0F:4E:B8;
172.17.58.66;;up;;;04:D6:AA:28:D9:A3;
172.17.58.73;;up;;;FC:19:99:A1:0D:89;
172.17.58.76;;up;;;9E:A6:62:8F:2E:BC;
172.17.58.77;;up;;;D6:97:E9:49:C6:6D;
172.17.58.79;;up;;;92:A3:7B:D5:88:C0;
172.17.58.80;;up;;;4C:E0:DB:93:0F:72;
172.17.58.85;;up;;;DC:B7:2E:A2:0F:2F;
172.17.58.92;;up;;;34:E1:2D:98:A1:F2;
172.17.58.98;;up;;;1C:B7:96:3C:1A:84;
172.17.58.100;;up;;DESKTOP-V487A3D;B8:8A:60:71:DC:2F;Intel
172.17.58.105;;up;;;28:16:AD:DB:08:99;Intel
172.17.58.106;;up;;;70:66:55:3D:58:E3;
172.17.58.109;;up;;;38:BA:F8:92:4C:94;
172.17.58.110;;up;;;80:19:34:AA:C8:D7;Intel
172.17.58.122;;up;;;8A:DE:B8:68:8C:E4;
172.17.58.127;;up;;;56:09:21:BF:F4:25;
172.17.58.132;;up;;;56:DC:86:59:95:50;
172.17.58.140;;up;;;00:BB:60:8C:7F:8A;
172.17.58.141;;up;;;1E:77:E0:52:15:1B;
172.17.58.144;;up;;;B6:31:F9:71:57:21;
172.17.58.147;;up;;;3A:B4:FE:1E:63:D4;
172.17.58.149;;up;;DESKTOP-J2STGLF;50:76:AF:45:A6:AF;
172.17.58.150;;up;;;EC:2E:98:AC:2E:CF;
172.17.58.153;;up;;DESKTOP-CUGF1LA;F8:59:71:4A:DC:9C;
172.17.58.156;;up;;DESKTOP-EM6BMB7;80:19:34:E0:61:4F;Intel
172.17.58.160;;up;;;7A:BF:0A:BD:E7:32;
172.17.58.161;;up;;;EC:1F:72:2C:35:8D;Samsung
172.17.58.169;;up;;;9A:F5:FF:F4:F9:4B;
172.17.58.177;;up;;;F0:9E:4A:53:98:0F;
172.17.58.182;;up;;;70:1C:E7:25:E9:EB;Intel
172.17.58.193;;up;;;B0:E1:7E:E1:5D:3B;
172.17.58.199;;up;;;9A:49:9E:86:D0:31;
172.17.58.203;;up;;;6A:30:B1:A6:88:69;
172.17.58.209;;up;;DELL;3C:A9:F4:43:2B:C8;Intel
172.17.58.215;;up;;;62:A9:CA:5B:4B:C3;
172.17.58.216;;up;;;B4:0E:DE:44:30:86;
172.17.58.221;;up;;DESKTOP-GQ8H0BA;E8:B1:FC:FC:01:07;Intel
172.17.58.226;;up;;;12:A0:64:8E:14:13;
172.17.58.235;;up;;;EE:8E:DC:97:13:61;
172.17.58.237;;up;;;20:54:FA:16:90:4D;
172.17.58.240;;up;;DESKTOP-7S76R6I;84:EF:18:17:71:D1;Intel
172.17.58.252;;up;;;6A:14:BD:28:77:30;
172.17.59.3;;up;;;FC:01:7C:7C:89:13;
172.17.59.14;;up;;;8E:2A:6F:E1:03:29;
172.17.59.16;;up;;;90:61:AE:F3:C8:89;
172.17.59.18;;up;;;F6:F1:9D:BE:AA:07;
172.17.59.20;;up;;;B2:F8:1D:C4:CC:79;
172.17.59.29;;up;;;4A:1E:96:D9:B5:EA;
172.17.59.34;;up;;;EE:7C:32:02:7B:02;
172.17.59.40;;up;;;FE:11:E3:9A:98:2F;
172.17.59.42;;up;;;B8:94:E7:D8:5E:C0;
172.17.59.46;;up;;;EE:75:8A:2C:5D:1C;
172.17.59.47;;up;;;FC:F8:AE:18:91:6F;Intel
172.17.59.53;;up;;;EA:DB:EC:0A:A7:7F;
172.17.59.59;;up;;;74:DF:BF:A7:40:EB;Liteon Technology
172.17.59.61;;up;;Danyals.nuisb.edu.pk;5E:EB:A4:EF:BF:D4;
172.17.59.65;;up;;;D8:F8:83:0F:E3:DA;
172.17.59.68;;up;;;92:A1:99:1B:C3:E5;
172.17.59.72;;up;;;10:51:07:5C:0F:3A;
172.17.59.73;;up;;;34:B2:0A:C7:6F:13;
172.17.59.76;;up;;;36:C8:B3:16:02:C6;
172.17.59.80;;up;;;00:28:F8:6F:0E:64;Intel
172.17.59.82;;up;;;6C:C7:EC:41:3E:3D;
172.17.59.83;;up;;;C4:D9:87:F5:ED:C1;Intel
172.17.59.84;;up;;;98:F6:21:82:E2:0A;
172.17.59.85;;up;;;30:74:96:AA:53:5F;Huawei
172.17.59.88;;up;;SAFFI-MUHAMMAD-HASHIR;70:1A:B8:7C:33:55;
172.17.59.89;;up;;;84:FD:D1:C7:49:0D;
172.17.59.91;;up;;;84:C5:A6:2B:D0:86;
172.17.59.94;;up;;;D4:1B:81:85:75:89;
172.17.59.97;;up;;;B8:94:36:E9:D2:D1;
172.17.59.100;;up;;DESKTOP-RCT7URI;00:28:F8:EB:48:7B;Intel
172.17.59.102;;up;;;DE:88:CD:72:DC:D0;
172.17.59.105;;up;;RBK;88:B1:11:56:C7:82;
172.17.59.109;;up;;;48:43:7C:79:E7:C7;Apple
172.17.59.111;;up;;;66:AA:35:35:C7:71;
172.17.59.124;;up;;;88:B1:11:8B:4E:3A;
172.17.59.130;;up;;;90:0F:0C:19:CE:DB;
172.17.59.135;;up;;;04:F1:28:22:33:1A;
172.17.59.136;;up;;;BC:61:93:80:0A:A2;
172.17.59.140;;up;;;AC:7B:A1:5F:36:88;Intel
172.17.59.143;;up;;;36:7A:8D:CF:17:BF;
172.17.59.144;;up;;;1C:15:1F:63:84:00;
172.17.59.145;;up;;;62:39:90:71:F7:C7;
172.17.59.148;;up;;;A4:02:B9:0E:0D:F8;Intel
172.17.59.152;;up;;;E2:E2:94:DF:45:10;
172.17.59.156;;up;;DESKTOP-SURN5PG;A4:34:D9:22:1B:AE;Intel
172.17.59.160;;up;;;96:A5:62:48:89:82;
172.17.59.163;;up;;DESKTOP-5VV8QMB;5C:80:B6:43:EC:F2;
172.17.59.164;;up;;;FC:B3:BC:3A:63:58;
172.17.59.174;;up;;;44:03:2C:E6:7E:6D;
172.17.59.177;;up;;;56:AA:0A:49:82:20;
172.17.59.178;;up;;;7C:FD:6B:BD:04:6C;
172.17.59.185;;up;;;E2:35:2B:47:38:1B;
172.17.59.186;;up;;;5C:C3:07:94:41:DA;
172.17.59.189;;up;;;4C:D5:77:9F:13:E7;
172.17.59.195;;up;;;12:32:47:CF:A3:19;
172.17.59.203;;up;;;44:59:E3:DB:12:09;
172.17.59.207;;up;;;EC:89:14:98:17:EC;
172.17.59.208;;up;;;52:1E:B8:D5:7B:49;
172.17.59.213;;up;;;60:6E:E8:6E:38:CB;
172.17.59.214;;up;;;BC:61:93:80:91:CA;
172.17.59.215;;up;;;F4:96:34:43:AB:CF;
172.17.59.218;;up;;;C6:DF:5E:4B:DC:53;
172.17.59.223;;up;;DESKTOP-3HTH5FJ;08:D4:0C:6F:F9:D7;Intel
172.17.59.226;;up;;;4A:E1:8B:E5:13:9D;
172.17.59.228;;up;;;DE:6B:80:38:0C:21;
172.17.59.231;;up;;;FC:3F:7C:85:AB:FF;Huawei
172.17.59.234;;up;;;7C:FD:6B:39:5D:C7;
172.17.59.236;;up;;;90:0F:0C:1F:2D:53;
172.17.59.237;;up;;;56:AF:8E:7A:AE:72;
172.17.59.240;;up;;;04:79:70:EC:76:41;
172.17.59.244;;up;;;AC:D5:64:BE:C7:D7;
172.17.59.254;;up;;;4A:B9:C5:C4:CD:48;
172.17.59.255;;up;;;00:28:F8:B8:72:2F;Intel
172.17.60.2;;up;;;EA:6C:74:C5:6B:03;
172.17.60.8;;up;;;D6:27:93:93:2D:CC;
172.17.60.10;;up;;;F4:D1:08:8C:16:4E;
172.17.60.16;;up;;;6A:86:36:5F:D4:71;
172.17.60.17;;up;;;60:57:18:88:57:F7;Intel
172.17.60.19;;up;;;CC:6B:1E:0C:2C:31;
172.17.60.21;;up;;;7C:FD:6B:F4:DD:EF;
172.17.60.22;;up;;;A6:B1:B1:B2:EC:C1;
172.17.60.24;;up;;;04:D6:AA:FF:BF:C3;
172.17.60.32;;up;;;D8:C0:A6:DD:83:A5;
172.17.60.37;;up;;;04:E5:98:6E:A9:59;
172.17.60.39;;up;;;F4:8C:50:77:B2:8F;Intel
172.17.60.42;;up;;;F6:B9:0F:6D:CA:71;
172.17.60.43;;up;;;3E:31:3E:61:A4:6E;
172.17.60.44;;up;;;2C:8D:B1:33:7C:23;
172.17.60.45;;up;;;5C:BA:EF:93:46:3F;
172.17.60.46;;up;;;14:AB:C5:39:B5:FC;Intel
172.17.60.47;;up;;;E4:02:9B:F1:48:ED;Intel
172.17.60.49;;up;;;B2:94:3A:B6:0F:B8;
172.17.60.55;;up;;;E0:80:6B:BF:D9:76;
172.17.60.58;;up;;;E0:CC:F8:26:DD:42;
172.17.60.65;;up;;DESKTOP-4J14FT7;E4:A7:A0:44:6F:C9;Intel
172.17.60.71;;up;;;60:6E:E8:4F:3E:89;
172.17.60.72;;up;;;0E:63:36:22:57:1D;
172.17.60.76;;up;;;46:0A:BC:2C:2C:CD;
172.17.60.92;;up;;;08:C5:E1:A4:FA:51;
172.17.60.93;;up;;ISRA;20:1E:88:01:69:72;
172.17.60.100;;up;;;F6:EE:99:A4:5B:1D;
172.17.60.102;;up;;;B2:EF:DB:AC:35:9E;
172.17.60.110;;up;;;6A:FC:22:8D:96:58;
172.17.60.112;;up;;;F0:D5:BF:26:1E:CA;Intel
172.17.60.114;;up;;;DE:61:DA:B0:EE:2B;
172.17.60.118;;up;;;38:FB:14:8A:D2:AC;
172.17.60.120;;up;;;6E:F0:CA:2B:2E:D0;
172.17.60.122;;up;;;B6:6B:30:10:6C:62;
172.17.60.123;;up;;;62:33:47:E4:41:B0;
172.17.60.124;;up;;;AE:DE:72:6F:DF:01;
172.17.60.126;;up;;;BC:61:93:80:1B:54;
172.17.60.128;;up;;DESKTOP-ECQMRQH;1C:BF:C0:09:F4:FD;
172.17.60.131;;up;;;D8:C0:A6:93:1E:75;
172.17.60.133;;up;;;22:BE:7A:2F:A7:93;
172.17.60.138;;up;;;98:F6:21:8D:8B:B9;
172.17.60.146;;up;;;96:17:1F:9C:8F:8B;
172.17.60.148;;up;;;E2:41:34:B1:BA:1B;
172.17.60.155;;up;;;1C:BF:C0:B6:DC:4D;
172.17.60.157;;up;;;18:1D:EA:67:33:88;
172.17.60.166;;up;;;84:3A:4B:03:68:C8;Intel
172.17.60.169;;up;;;F6:83:3D:3E:3C:C9;
172.17.60.171;;up;;;8A:41:77:AC:8D:D3;
172.17.60.176;;up;;;10:6F:D9:A8:DD:05;
172.17.60.180;;up;;;38:B1:DB:F8:67:DF;Hon Hai Precision
172.17.60.181;;up;;;26:4B:97:75:D1:5A;
172.17.60.183;;up;;;2A:9D:F8:1D:5F:4C;
172.17.60.186;;up;;;CA:76:1A:29:B3:7D;
172.17.60.201;;up;;;72:E3:3B:07:64:B5;
172.17.60.205;;up;;;52:3C:71:5A:D2:35;
172.17.60.209;;up;;;FA:9F:D7:31:1D:C0;
172.17.60.211;;up;;;D6:C9:D6:A6:46:8C;
172.17.60.216;;up;;;1C:57:DC:60:51:49;
172.17.60.218;;up;;DESKTOP-GQQ14C8;60:57:18:AB:AC:C5;Intel
172.17.60.220;;up;;;00:08:22:58:C4:DE;InPro Comm
172.17.60.221;;up;;MACBOOKPRO-8B1E;88:E9:FE:78:8B:1E;
172.17.60.224;;up;;;22:A3:CB:E6:5D:FF;
172.17.60.226;;up;;;C0:F4:E6:B8:63:F9;
172.17.60.234;;up;;;42:11:A6:9D:E0:3E;
172.17.60.235;;up;;;0A:13:51:20:2B:42;
172.17.60.236;;up;;;AE:B1:A5:87:8D:B7;
172.17.60.240;;up;;;20:1E:88:D1:4C:96;
172.17.60.241;;up;;;34:1C:F0:3A:53:2A;
172.17.60.245;;up;;;8E:4D:C7:A5:C6:B8;
172.17.60.247;;up;;;3C:06:30:50:B6:F1;
172.17.60.251;;up;;;B2:0D:E2:11:73:0B;
172.17.60.252;;up;;;56:94:88:27:27:94;
172.17.61.0;;up;;;F8:59:71:62:39:37;
172.17.61.3;;up;;;98:9C:57:DB:90:7A;
172.17.61.5;;up;;;90:97:F3:6E:59:A2;
172.17.61.10;;up;;;16:B2:DE:12:24:0F;
172.17.61.11;;up;;;06:17:08:06:70:1F;
172.17.61.18;;up;;;54:14:F3:44:B0:1F;
172.17.61.21;;up;;;56:D5:0D:69:E1:E8;
172.17.61.33;;up;;;82:1A:3B:C8:91:35;
172.17.61.36;;up;;;DE:8D:E9:E1:8B:B5;
172.17.61.38;;up;;;06:8A:3A:BF:7D:96;
172.17.61.42;;up;;;14:A5:1A:38:F2:89;Huawei
172.17.61.48;;up;;;3E:AA:85:31:B1:22;
172.17.61.52;;up;;;5A:36:FE:77:66:27;
172.17.61.55;;up;;;00:25:D3:39:7B:14;AzureWave Technology
172.17.61.58;;up;;;C4:9F:4C:89:CF:83;
172.17.61.59;;up;;;9E:FD:3E:57:EC:73;
172.17.61.61;;up;;;94:7B:E7:75:C1:B8;
172.17.61.64;;up;;;06:DB:EE:F0:0C:EC;
172.17.61.67;;up;;;2A:81:22:6B:2A:05;
172.17.61.68;;up;;;D4:1B:81:38:1B:37;
172.17.61.69;;up;;;42:D5:BB:D8:30:34;
172.17.61.73;;up;;;FE:37:97:E2:2F:C6;
172.17.61.77;;up;;;F4:30:8B:39:66:6D;
172.17.61.80;;up;;;D2:44:DB:19:BB:A8;
172.17.61.85;;up;;;08:D4:0C:C0:11:88;Intel
172.17.61.86;;up;;DESKTOP-5G0NPNR;C8:FF:28:3C:AB:F1;Liteon Technology
172.17.61.88;;up;;;66:A3:91:A5:52:95;
172.17.61.90;;up;;MACBOOKPRO-561E;00:23:12:0F:12:06;Apple
172.17.61.95;;up;;;2A:6D:E2:AE:6B:00;
172.17.61.99;;up;;;FA:BD:9B:78:B3:3E;
172.17.61.105;;up;;;E6:A9:90:14:D6:6C;
172.17.61.107;;up;;;0E:C7:09:DB:10:71;
172.17.61.109;;up;;;18:CC:18:E1:25:17;
172.17.61.114;;up;;;E2:11:6D:BA:7F:E1;
172.17.61.120;;up;;;60:A4:D0:2D:2B:A8;Samsung
172.17.61.122;;up;;;FC:D9:08:4A:04:8A;
172.17.61.124;;up;;;04:4A:6C:04:AB:FC;
172.17.61.130;;up;;;96:BF:24:89:8E:F7;
172.17.61.133;;up;;;8C:70:5A:05:8D:F0;Intel
172.17.61.135;;up;;;4E:40:E1:E1:7E:07;
172.17.61.136;;up;;;62:62:9C:AC:D2:56;
172.17.61.144;;up;;;8E:40:39:4B:8F:CD;
172.17.61.149;;up;;;0E:A7:41:F6:7D:32;
172.17.61.152;;up;;;56:C0:1E:55:44:A7;
172.17.61.153;;up;;;7C:50:79:B5:C1:E2;
172.17.61.159;;up;;;EA:EF:8E:62:F2:70;
172.17.61.162;;up;;;B2:AA:1E:7B:49:9C;
172.17.61.166;;up;;;F2:BE:3B:19:C6:3A;
172.17.61.169;;up;;;B8:94:E7:A1:6A:21;
172.17.61.173;;up;;;7C:FD:6B:F5:43:3D;
172.17.61.174;;up;;;4C:E0:DB:93:67:AE;
172.17.61.175;;up;;;34:B2:0A:C2:D0:06;
172.17.61.178;;up;;;5C:3A:45:45:52:31;
172.17.61.179;;up;;DESKTOP-JS4ER16;D4:3B:04:7B:52:78;
172.17.61.185;;up;;;FC:42:03:59:25:7E;Samsung
172.17.61.188;;up;;;F2:BB:49:DA:B2:8D;
172.17.61.195;;up;;;D2:F0:7B:36:6D:BC;
172.17.61.196;;up;;MACBOOKAIR-EE15;1C:91:80:C4:EE:15;
172.17.61.202;;up;;;FC:3F:7C:B0:7B:B5;Huawei
172.17.61.208;;up;;;AA:A2:96:ED:9F:E2;
172.17.61.213;;up;;;0A:D1:DD:EE:3B:99;
172.17.61.214;;up;;;80:45:DD:BB:1E:F8;
172.17.61.217;;up;;;74:C1:7D:5B:B2:9C;
172.17.61.221;;up;;;E0:F4:42:BB:9A:3B;
172.17.61.225;;up;;;2C:D0:66:AF:36:60;
172.17.61.230;;up;;DESKTOP-GHR48VN;74:DF:BF:A7:40:17;Liteon Technology
172.17.61.235;;up;;;42:E2:69:11:9E:CD;
172.17.61.236;;up;;;26:8E:ED:F1:64:FB;
172.17.61.244;;up;;;34:F6:4B:BB:77:86;
172.17.61.247;;up;;;F2:5C:5F:B5:E8:1C;
172.17.61.248;;up;;;2C:6D:C1:A8:F9:71;
172.17.61.249;;up;;;0E:A6:28:A0:69:A5;
172.17.62.4;;up;;;E0:2B:E9:42:E5:19;
172.17.62.5;;up;;;24:11:45:54:18:E8;
172.17.62.8;;up;;;26:CE:1E:32:50:2E;
172.17.62.9;;up;;;8A:2F:A3:4E:E9:02;
172.17.62.11;;up;;;2A:A9:72:B7:BC:80;
172.17.62.16;;up;;;EA:79:9F:95:74:AE;
172.17.62.20;;up;;;F0:9E:4A:53:F5:4D;
172.17.62.22;;up;;;F2:09:30:76:B7:39;
172.17.62.27;;up;;;08:ED:9D:00:55:B2;
172.17.62.30;;up;;;2E:1F:8B:F4:DE:EB;
172.17.62.31;;up;;;AE:C1:A4:23:62:FF;
172.17.62.33;;up;;;D4:E6:B7:C1:F0:51;
172.17.62.36;;up;;;8E:98:25:B6:2F:87;
172.17.62.47;;up;;;EA:A5:F9:F6:72:76;
172.17.62.48;;up;;;C6:CD:35:AF:BF:02;
172.17.62.49;;up;;;1E:09:3B:92:C7:FF;
172.17.62.50;;up;;;B8:C9:B5:C6:07:A3;
172.17.62.53;;up;;;D4:1B:81:86:1B:0B;
172.17.62.60;;up;;;7C:03:AB:EB:C3:20;
172.17.62.61;;up;;DESKTOPAPP;28:C6:3F:7A:66:9C;
172.17.62.64;;up;;;76:BB:86:45:09:69;
172.17.62.68;;up;;;BC:61:93:80:9D:1A;
172.17.62.69;;up;;;7C:50:79:B5:C1:C9;
172.17.62.85;;up;;;2C:8D:B1:71:C3:DE;
172.17.62.86;;up;;;CE:E6:68:AF:E4:C3;
172.17.62.87;;up;;;6A:BB:91:F0:9F:CD;
172.17.62.90;;up;;;4E:5B:99:E6:79:D6;
172.17.62.92;;up;;;00:BB:60:B5:14:90;
172.17.62.95;;up;;;48:45:20:22:42:64;Intel
172.17.62.96;;up;;;5E:65:77:2E:49:C2;
172.17.62.98;;up;;;A0:D3:7A:F0:CD:32;Intel
172.17.62.99;;up;;;94:FB:29:C5:EB:B7;Zebra Technologies
172.17.62.100;;up;;;C6:87:8E:C5:FA:F3;
172.17.62.108;;up;;;DE:B4:39:A2:EB:8B;
172.17.62.109;;up;;;FA:9D:43:E1:2B:A3;
172.17.62.111;;up;;;9A:73:6E:30:A7:18;
172.17.62.117;;up;;;EA:5A:93:FB:FE:6D;
172.17.62.119;;up;;;34:B9:8D:05:EA:4A;
172.17.62.121;;up;;;08:C5:E1:C3:16:FE;
172.17.62.123;;up;;;B4:CD:27:DB:4D:DB;
172.17.62.128;;up;;;FC:01:7C:0B:8E:79;
172.17.62.133;;up;;;EA:E6:43:C0:1D:92;
172.17.62.134;;up;;;BE:41:13:CF:08:CF;
172.17.62.136;;up;;;D4:25:8B:49:5A:16;
172.17.62.139;;up;;;6A:49:CF:CC:1C:73;
172.17.62.140;;up;;;D0:16:B4:2B:18:5B;
172.17.62.142;;up;;DESKTOP-M5O1QH0;00:28:F8:10:F7:A2;Intel
172.17.62.144;;up;;;8A:2B:C2:2E:70:1A;
172.17.62.153;;up;;;70:66:55:F1:A0:C5;
172.17.62.155;;up;;;A4:4B:D5:26:AD:30;
172.17.62.158;;up;;;14:AB:C5:DE:3F:00;Intel
172.17.62.161;;up;;;6A:8F:DC:BA:65:84;
172.17.62.165;;up;;;9A:2C:09:17:D8:D8;
172.17.62.166;;up;;;C2:19:F4:6A:69:D0;
172.17.62.168;;up;;;46:30:BC:50:89:A4;
172.17.62.171;;up;;;96:F9:C1:53:30:6D;
172.17.62.178;;up;;;1E:BC:C0:0F:BE:E1;
172.17.62.188;;up;;;8A:B8:8D:BD:79:02;
172.17.62.190;;up;;;CE:59:C3:60:ED:11;
172.17.62.199;;up;;;88:46:04:6D:E3:5E;
172.17.62.201;;up;;meh2-16;2C:8D:B1:AD:D5:36;
172.17.62.202;;up;;;EE:A2:DD:43:59:68;
172.17.62.205;;up;;;34:41:5D:65:C1:15;
172.17.62.209;;up;;;A6:7D:00:CB:F8:99;
172.17.62.214;;up;;;06:3C:38:E6:A6:A8;
172.17.62.216;;up;;;70:3E:AC:48:43:74;Apple
172.17.62.222;;up;;;02:26:E1:53:12:F0;
172.17.62.226;;up;;;66:31:6E:6B:FD:48;
172.17.62.227;;up;;;22:E6:8E:B2:CC:22;
172.17.62.229;;up;;;24:77:03:30:7E:6C;Intel
172.17.62.236;;up;;;C8:38:70:39:88:2E;Samsung
172.17.62.238;;up;;;D0:1C:3C:B5:1D:5D;
172.17.62.239;;up;;;5C:FB:3A:34:80:9B;
172.17.62.240;;up;;;74:70:FD:E7:CB:7E;
172.17.62.242;;up;;;B6:FF:CC:E9:CA:34;
172.17.62.244;;up;;;E6:7D:48:86:4C:B3;
172.17.62.246;;up;;;BC:61:93:80:71:7E;
172.17.62.250;;up;;;F6:1A:8D:1D:57:2D;
172.17.62.254;;up;;;D6:7F:40:A1:AF:FB;
172.17.62.255;;up;;;12:AB:B5:05:C3:58;
172.17.63.0;;up;;;48:FD:A3:89:CF:C3;
172.17.63.7;;up;;;B2:14:F1:CC:45:4B;
172.17.63.14;;up;;;0E:03:7B:2A:65:D3;
172.17.63.15;;up;;DESKTOP-M0V6SFD;60:57:18:5D:7A:00;Intel
172.17.63.26;;up;;;7E:59:B0:96:0D:C6;
172.17.63.27;;up;;;3E:72:00:7E:2D:37;
172.17.63.29;;up;;;B2:C5:BF:A9:FA:BC;
172.17.63.34;;up;;;32:22:B5:64:93:44;
172.17.63.36;;up;;;F0:25:B7:D5:C1:75;Samsung
172.17.63.41;;up;;;E6:63:61:6F:43:3A;
172.17.63.47;;up;;;22:2E:80:C3:47:29;
172.17.63.105;;up;;;FC:44:82:45:D8:32;
172.17.63.251;;up;;;9C:6B:72:42:A0:01;
172.17.63.253;;up;;;26:C2:D7:44:E4:20;
